Compound Name,Boiling Point C,Melting Point C,Solubility
Ethanol,78.37,-114.1,Miscible with water
Compound_ID,Compound_Name,Molecular_Weight,Boiling_Point_C,Melting_Point_C,Polarity,Solubility_in_Water,Toxicity_Level,pH_Value,Flammability,Category
OC0001,Benzene,34.25,118.8,-44.2,Polar,Low,High,10.9,Low,Aldehyde
OC0002,Ethylene Glycol,35.4,73.4,-41.8,Polar,Low,Low,9.2,High,Aldehyde
OC0003,Ethylene Glycol,67.47,197.3,102.4,Polar,High,High,6.2,Medium,Ketone
OC0004,Acetic Acid,192.73,134.1,-76.8,Polar,Medium,Medium,8.0,Low,Amine
OC0005,Glycerol,121.16,293.3,-5.4,Non-polar,Low,High,10.9,Medium,Aldehyde
OC0006,Acetic Acid,149.78,61.5,-43.0,Non-polar,High,Low,10.7,Medium,Aromatic
OC0007,Glycerol,138.07,141.2,-7.5,Polar,Low,Medium,9.0,High,Amine
OC0008,Acetone,133.55,92.8,82.3,Polar,Medium,Medium,4.7,High,Amine
OC0009,Isopropanol,67.33,131.1,92.1,Polar,High,Low,10.1,Medium,Aromatic
OC0010,Acetone,65.87,285.7,119.1,Non-polar,High,High,7.0,High,Acid
OC0011,Toluene,75.03,111.7,40.3,Non-polar,Low,High,6.3,High,Acid
OC0012,Aniline,67.28,299.4,27.4,Polar,High,Low,3.5,Low,Solvent
OC0013,Ethylene Glycol,131.39,146.2,49.0,Non-polar,Low,Medium,11.7,Low,Amine
OC0014,Benzene,145.89,184.2,-33.3,Non-polar,High,Medium,6.3,Medium,Alcohol
OC0015,Hexane,195.22,240.5,26.9,Polar,Low,Medium,10.4,High,Aldehyde
OC0016,Acetic Acid,55.98,240.6,34.8,Polar,Low,Medium,6.9,Low,Aromatic
OC0017,Heptane,70.71,110.2,41.8,Polar,High,High,6.9,Low,Solvent
OC0018,Isopropanol,160.19,82.1,18.8,Polar,Medium,High,10.7,Medium,Ketone
OC0019,Isopropanol,158.4,222.5,78.2,Non-polar,Low,High,5.7,High,Acid
OC0020,Benzene,72.14,66.0,-94.7,Polar,Low,Low,2.1,High,Amine
OC0021,Ethanol,68.92,276.4,114.9,Polar,Low,Low,4.8,Medium,Ketone
OC0022,Isopropanol,52.49,283.9,42.8,Non-polar,High,Medium,10.1,Low,Alcohol
OC0023,Benzene,142.03,138.6,2.8,Polar,Low,High,11.8,Low,Alcohol
OC0024,Chloroform,153.8,250.1,-72.7,Polar,High,High,6.5,Medium,Ketone
OC0025,Hexane,108.65,268.6,-81.2,Polar,High,High,12.0,Low,Alcohol
OC0026,Butanol,58.27,171.4,-46.6,Non-polar,High,Low,5.8,Medium,Aromatic
OC0027,Glycerol,78.49,224.1,82.6,Non-polar,High,Low,5.0,Low,Aldehyde
OC0028,Isopropanol,40.36,128.4,-87.5,Non-polar,Low,High,3.6,High,Alcohol
OC0029,Formaldehyde,41.65,67.0,115.5,Non-polar,High,High,4.5,High,Alcohol
OC0030,Nitrobenzene,43.94,214.3,41.3,Non-polar,Medium,Low,8.7,Medium,Ketone
OC0031,Hexane,97.28,217.9,-25.0,Non-polar,High,Low,6.6,High,Alcohol
OC0032,Acetone,121.4,176.5,-66.9,Non-polar,High,Low,5.7,Low,Acid
OC0033,Isopropanol,149.6,202.9,146.8,Polar,Low,High,5.0,High,Alcohol
OC0034,Toluene,74.96,272.4,85.6,Polar,Medium,Medium,8.0,High,Aromatic
OC0035,Acetic Acid,146.87,263.2,26.4,Non-polar,High,Low,8.3,Medium,Alcohol
OC0036,Methanol,86.7,82.7,144.9,Polar,Low,Medium,7.5,Medium,Aldehyde
OC0037,Methanol,49.02,286.3,72.8,Polar,Low,Low,10.3,High,Aldehyde
OC0038,Toluene,103.06,60.5,-8.8,Polar,Medium,Low,8.8,High,Alcohol
OC0039,Aniline,162.62,271.0,1.6,Polar,High,Low,11.8,Low,Acid
OC0040,Methanol,60.49,281.1,95.6,Non-polar,Low,High,10.1,Medium,Ketone
OC0041,Benzene,95.03,59.7,17.7,Polar,Medium,Medium,5.1,Low,Ketone
OC0042,Methanol,142.21,149.6,-30.3,Polar,Medium,Medium,8.4,Medium,Amine
OC0043,Isopropanol,86.3,56.9,119.3,Non-polar,High,High,11.6,Medium,Alcohol
OC0044,Benzene,131.42,136.4,96.6,Non-polar,Low,High,3.2,High,Ketone
OC0045,Hexane,37.55,159.0,30.0,Polar,Medium,Medium,2.7,High,Aromatic
OC0046,Nitrobenzene,83.37,262.0,79.9,Non-polar,Low,Medium,8.7,Medium,Acid
OC0047,Heptane,124.25,98.0,66.2,Non-polar,Low,High,11.0,High,Aldehyde
OC0048,Heptane,99.03,258.4,-24.0,Polar,Medium,High,8.1,Medium,Acid
OC0049,Glycerol,105.17,103.4,18.3,Polar,Low,Low,4.8,High,Amine
OC0050,Nitrobenzene,86.98,254.6,87.8,Non-polar,High,Low,3.5,Low,Ketone
OC0051,Pyridine,133.92,242.1,13.9,Polar,Low,High,5.8,Medium,Ketone
OC0052,Toluene,141.53,51.4,87.7,Polar,Medium,Low,3.8,High,Aldehyde
OC0053,Glycerol,38.54,112.3,112.1,Non-polar,High,Medium,8.7,High,Aldehyde
OC0054,Phenol,191.51,272.9,53.2,Non-polar,Low,Medium,11.0,High,Solvent
OC0055,Pyridine,106.51,237.9,110.0,Non-polar,Low,Medium,8.3,Medium,Acid
OC0056,Acetone,151.3,108.6,-16.0,Polar,High,Low,4.3,High,Ketone
OC0057,Acetic Acid,40.92,151.9,35.7,Non-polar,High,Low,10.3,Medium,Solvent
OC0058,Cyclohexane,190.83,54.9,120.2,Non-polar,Medium,Low,11.4,Medium,Solvent
OC0059,Chloroform,175.09,288.4,4.8,Polar,Medium,Low,4.7,Medium,Alcohol
OC0060,Chloroform,87.14,219.8,1.1,Polar,Medium,Low,11.8,High,Alcohol
OC0061,Chloroform,130.62,215.7,-79.0,Non-polar,High,Medium,3.8,Medium,Acid
OC0062,Phenol,65.98,131.7,90.3,Non-polar,Medium,Medium,4.5,Low,Acid
OC0063,Methanol,157.33,63.0,138.0,Polar,Low,Low,9.8,High,Alcohol
OC0064,Methanol,191.43,99.8,-94.9,Polar,High,Low,6.7,Low,Aldehyde
OC0065,Acetic Acid,109.06,114.1,-7.8,Polar,High,Medium,3.1,Low,Aromatic
OC0066,Cyclohexane,145.15,289.5,-0.8,Polar,High,High,8.9,High,Ketone
OC0067,Benzene,148.52,125.4,71.1,Polar,Low,Low,5.5,Medium,Amine
OC0068,Aniline,41.72,211.9,-96.8,Non-polar,Medium,Low,6.3,Medium,Amine
OC0069,Glycerol,150.24,158.9,83.4,Non-polar,Low,High,9.7,Medium,Acid
OC0070,Cyclohexane,75.63,262.9,107.7,Polar,Medium,Medium,4.4,Medium,Aldehyde
OC0071,Nitrobenzene,143.59,134.1,23.6,Non-polar,High,Medium,4.1,Medium,Aromatic
OC0072,Hexane,179.65,225.3,-30.9,Polar,Low,Low,2.9,High,Acid
OC0073,Pyridine,124.38,110.1,19.0,Non-polar,Medium,Low,2.9,Low,Acid
OC0074,Butanol,82.06,195.4,18.3,Non-polar,Medium,High,7.5,Medium,Amine
OC0075,Glycerol,76.06,112.9,-69.8,Polar,Medium,Low,9.4,High,Ketone
OC0076,Acetic Acid,66.79,171.0,81.1,Non-polar,High,Low,5.0,Medium,Ketone
OC0077,Heptane,32.41,183.5,-31.4,Polar,Low,Medium,9.0,Low,Amine
OC0078,Pyridine,47.44,53.1,-28.9,Non-polar,Medium,Medium,3.8,Low,Aromatic
OC0079,Pyridine,49.39,66.3,22.9,Polar,High,Low,10.1,Medium,Alcohol
OC0080,Butanol,50.14,241.1,51.6,Polar,Low,Medium,6.5,Medium,Aromatic
OC0081,Cyclohexane,198.31,126.3,55.3,Polar,High,High,4.1,High,Alcohol
OC0082,Formaldehyde,70.78,188.0,-60.9,Non-polar,Medium,High,7.9,Medium,Alcohol
OC0083,Butanol,78.98,120.7,114.9,Polar,Low,Low,11.2,High,Aldehyde
OC0084,Acetic Acid,102.27,186.1,61.9,Non-polar,High,Low,2.6,Medium,Aldehyde
OC0085,Cyclohexane,186.6,159.8,17.2,Non-polar,Low,Medium,11.4,High,Aldehyde
OC0086,Pyridine,104.42,199.5,122.4,Non-polar,Low,Medium,2.3,Low,Amine
OC0087,Cyclohexane,129.81,55.2,91.2,Non-polar,Low,Low,9.6,Low,Acid
OC0088,Dimethylformamide,140.76,279.0,-54.6,Non-polar,Low,Medium,11.7,Medium,Aromatic
OC0089,Ethylene Glycol,86.66,217.5,114.4,Non-polar,Medium,High,7.0,High,Acid
OC0090,Isopropanol,36.24,72.0,-36.9,Polar,Medium,High,10.2,Low,Amine
OC0091,Isopropanol,108.54,63.6,29.6,Non-polar,Low,Medium,9.6,Low,Aromatic
OC0092,Isopropanol,52.27,122.0,120.2,Non-polar,High,Low,11.7,High,Solvent
OC0093,Butanol,150.66,127.7,-96.6,Non-polar,High,Low,11.9,Low,Acid
OC0094,Benzene,140.11,88.5,133.2,Non-polar,Low,High,4.7,Medium,Acid
OC0095,Butanol,107.65,86.2,-52.3,Polar,High,Medium,9.7,Medium,Aromatic
OC0096,Dimethylformamide,75.42,50.6,81.5,Non-polar,High,Medium,7.4,Medium,Aromatic
OC0097,Isopropanol,159.69,144.3,133.2,Polar,Low,Low,7.7,Low,Solvent
OC0098,Ethylene Glycol,37.42,236.2,76.3,Non-polar,Medium,High,9.9,High,Ketone
OC0099,Pyridine,194.02,81.6,141.3,Non-polar,High,Medium,3.0,Medium,Alcohol
OC0100,Toluene,99.7,213.7,-61.4,Non-polar,Medium,Medium,8.2,Medium,Amine
OC0101,Acetone,174.8,263.1,114.8,Non-polar,Medium,High,9.2,Medium,Solvent
OC0102,Isopropanol,36.1,67.1,57.8,Non-polar,High,High,2.9,Low,Solvent
OC0103,Benzene,105.43,223.5,125.9,Polar,Medium,Low,4.9,Medium,Acid
OC0104,Toluene,71.51,153.0,70.5,Polar,High,Low,2.8,Medium,Aldehyde
OC0105,Butanol,114.6,195.8,-42.0,Non-polar,Medium,Medium,8.7,Medium,Aromatic
OC0106,Isopropanol,56.86,160.4,-13.6,Non-polar,Low,Medium,8.9,Medium,Solvent
OC0107,Heptane,63.87,146.2,20.8,Polar,Medium,High,5.6,Medium,Amine
OC0108,Heptane,33.73,257.5,-1.0,Polar,Low,High,9.8,Low,Aldehyde
OC0109,Pyridine,171.58,275.7,93.9,Polar,Low,Medium,4.2,Low,Aldehyde
OC0110,Hexane,145.22,230.2,64.8,Polar,Low,Low,11.0,High,Alcohol
OC0111,Heptane,164.06,58.3,-8.8,Polar,High,Medium,5.3,Medium,Ketone
OC0112,Acetic Acid,52.47,184.9,142.9,Non-polar,High,Medium,11.1,Medium,Solvent
OC0113,Heptane,156.92,134.7,-71.2,Polar,High,Low,10.6,High,Amine
OC0114,Chloroform,194.44,251.1,-8.6,Non-polar,High,Medium,7.4,Medium,Aromatic
OC0115,Hexane,129.38,255.6,135.1,Polar,Low,Low,6.7,High,Aldehyde
OC0116,Phenol,185.59,105.3,-84.2,Non-polar,Low,Medium,8.5,Low,Ketone
OC0117,Ethanol,190.86,126.1,23.2,Polar,High,High,3.4,Medium,Aromatic
OC0118,Isopropanol,101.25,235.6,-61.4,Non-polar,Low,Low,10.3,High,Acid
OC0119,Hexane,35.56,142.6,10.8,Polar,Medium,Low,11.8,Medium,Aldehyde
OC0120,Aniline,40.29,119.0,142.1,Non-polar,High,High,4.1,High,Aldehyde
OC0121,Methanol,38.6,133.4,147.2,Polar,High,High,4.1,Low,Solvent
OC0122,Butanol,85.86,86.9,125.1,Polar,Medium,Low,11.9,High,Aromatic
OC0123,Formaldehyde,48.69,266.6,-67.0,Non-polar,High,High,5.2,Low,Aromatic
OC0124,Ethanol,51.55,155.2,-71.6,Polar,Medium,Medium,9.8,High,Aldehyde
OC0125,Benzene,106.84,105.4,53.8,Non-polar,Medium,High,11.6,Low,Acid
OC0126,Chloroform,102.47,77.0,78.1,Non-polar,High,Low,5.2,Low,Alcohol
OC0127,Toluene,76.75,208.3,37.1,Non-polar,Medium,High,7.3,Medium,Aldehyde
OC0128,Nitrobenzene,103.13,248.3,-71.4,Polar,Medium,Medium,10.9,Medium,Aromatic
OC0129,Glycerol,97.78,232.4,-21.9,Non-polar,Low,Medium,5.7,Low,Amine
OC0130,Pyridine,41.41,257.9,-76.7,Polar,Low,High,5.7,Low,Aldehyde
OC0131,Ethanol,129.7,190.4,-17.6,Polar,Medium,Medium,10.7,Medium,Solvent
OC0132,Ethanol,194.63,200.1,-12.1,Polar,High,High,6.8,Low,Aromatic
OC0133,Isopropanol,92.49,240.7,43.5,Non-polar,Low,High,8.1,High,Aldehyde
OC0134,Methanol,133.53,214.5,73.4,Polar,High,Medium,9.0,Medium,Aromatic
OC0135,Aniline,31.04,267.5,41.6,Non-polar,High,Low,9.4,Low,Alcohol
OC0136,Dimethylformamide,66.57,155.0,-14.8,Non-polar,Medium,High,5.2,High,Aldehyde
OC0137,Acetone,180.17,88.9,88.6,Polar,Low,Low,4.7,High,Acid
OC0138,Pyridine,133.2,153.5,-46.1,Polar,Medium,Medium,3.1,High,Amine
OC0139,Cyclohexane,112.73,216.8,-88.6,Non-polar,Low,Low,2.1,Medium,Ketone
OC0140,Toluene,159.91,122.4,-70.0,Non-polar,Low,Medium,3.8,Medium,Aldehyde
OC0141,Butanol,115.04,258.3,101.6,Polar,Medium,High,2.4,Low,Acid
OC0142,Acetone,176.56,193.9,43.3,Non-polar,Medium,Low,6.1,Medium,Ketone
OC0143,Nitrobenzene,108.22,222.4,-9.5,Non-polar,High,Low,6.4,Medium,Aldehyde
OC0144,Acetone,97.28,127.6,-15.1,Non-polar,High,Low,7.1,Low,Aldehyde
OC0145,Dimethylformamide,62.96,244.1,-12.2,Polar,High,Low,3.5,Low,Ketone
OC0146,Nitrobenzene,55.99,239.8,-81.2,Non-polar,Medium,High,9.6,Medium,Amine
OC0147,Cyclohexane,139.31,296.6,-19.2,Non-polar,High,Medium,2.7,Medium,Amine
OC0148,Heptane,165.38,197.9,-12.0,Polar,Medium,Medium,6.5,Low,Aromatic
OC0149,Heptane,43.04,266.1,113.8,Non-polar,Medium,High,7.5,High,Alcohol
OC0150,Glycerol,184.54,192.9,-52.9,Non-polar,Low,Low,11.6,Medium,Alcohol
OC0151,Phenol,197.01,71.1,61.5,Polar,High,High,6.4,Medium,Aldehyde
OC0152,Dimethylformamide,133.67,141.0,129.5,Non-polar,Medium,Medium,8.8,Low,Solvent
OC0153,Phenol,41.21,73.6,69.6,Non-polar,Medium,High,10.5,High,Solvent
OC0154,Toluene,86.67,195.7,-64.6,Non-polar,Medium,High,9.0,Medium,Ketone
OC0155,Nitrobenzene,150.5,71.2,39.7,Non-polar,High,High,9.0,High,Amine
OC0156,Dimethylformamide,45.89,217.6,27.1,Polar,Medium,Medium,3.8,Low,Aromatic
OC0157,Pyridine,62.64,300.0,-61.3,Non-polar,High,High,9.7,High,Aldehyde
OC0158,Ethanol,142.53,269.1,54.5,Non-polar,High,Low,3.8,High,Solvent
OC0159,Nitrobenzene,167.54,91.4,9.4,Non-polar,Medium,High,9.2,Medium,Aldehyde
OC0160,Heptane,157.91,246.0,-41.5,Polar,Medium,Medium,11.0,Low,Aromatic
OC0161,Cyclohexane,197.35,165.4,-29.6,Non-polar,Low,High,6.2,Low,Solvent
OC0162,Acetic Acid,166.21,84.6,-37.5,Non-polar,Medium,High,11.3,High,Solvent
OC0163,Dimethylformamide,174.7,121.3,90.8,Non-polar,Medium,High,3.5,Medium,Alcohol
OC0164,Butanol,168.84,271.2,132.6,Non-polar,High,Medium,7.0,Low,Acid
OC0165,Acetone,93.74,57.0,132.7,Non-polar,High,Low,2.4,Medium,Amine
OC0166,Toluene,159.0,167.3,53.8,Polar,High,Medium,4.2,Low,Aldehyde
OC0167,Nitrobenzene,119.72,77.8,-28.0,Non-polar,High,Low,4.4,High,Solvent
OC0168,Nitrobenzene,107.71,77.7,126.3,Polar,Low,High,7.8,High,Ketone
OC0169,Heptane,102.97,203.7,-39.9,Non-polar,High,High,8.7,High,Aromatic
OC0170,Acetone,192.08,186.0,96.6,Polar,Medium,Medium,2.4,Medium,Aromatic
OC0171,Hexane,157.04,139.3,-83.1,Polar,Low,High,8.3,High,Amine
OC0172,Phenol,52.68,138.1,-15.4,Polar,Low,Medium,11.8,Medium,Amine
OC0173,Formaldehyde,167.95,65.8,94.0,Non-polar,High,Medium,4.0,Low,Alcohol
OC0174,Phenol,188.67,178.8,147.3,Non-polar,Medium,Low,9.5,Low,Aromatic
OC0175,Aniline,176.56,62.0,63.9,Non-polar,High,Medium,6.4,Medium,Amine
OC0176,Glycerol,182.09,146.7,143.4,Non-polar,Low,Medium,5.7,High,Aromatic
OC0177,Acetone,153.6,69.7,50.6,Polar,Low,Medium,5.2,Low,Aromatic
OC0178,Heptane,82.1,200.7,6.5,Non-polar,Medium,Medium,2.4,Medium,Aldehyde
OC0179,Ethylene Glycol,76.67,295.0,137.0,Polar,Low,High,6.1,High,Solvent
OC0180,Formaldehyde,191.97,85.7,51.9,Non-polar,High,Low,2.7,High,Aromatic
OC0181,Aniline,95.09,191.8,51.3,Non-polar,Medium,Medium,6.4,Low,Aldehyde
OC0182,Toluene,120.01,149.5,62.4,Polar,High,Low,9.4,Medium,Aldehyde
OC0183,Chloroform,185.3,79.4,93.7,Non-polar,High,High,4.9,Medium,Ketone
OC0184,Benzene,53.07,68.5,-56.8,Non-polar,High,High,11.7,Medium,Amine
OC0185,Aniline,150.62,187.5,-27.4,Non-polar,High,High,9.1,High,Amine
OC0186,Formaldehyde,164.93,177.2,-69.7,Polar,High,Low,9.9,Low,Aromatic
OC0187,Isopropanol,127.29,166.9,145.8,Polar,Low,Low,2.7,Medium,Amine
OC0188,Pyridine,119.37,242.3,105.8,Polar,High,Medium,8.4,Medium,Acid
OC0189,Dimethylformamide,88.57,269.5,95.1,Polar,High,Medium,7.0,Low,Solvent
OC0190,Benzene,118.08,126.0,-59.5,Polar,Medium,High,10.9,Low,Aromatic
OC0191,Acetic Acid,137.96,187.7,-68.7,Non-polar,Low,High,2.9,High,Ketone
OC0192,Cyclohexane,190.07,88.5,64.7,Non-polar,Low,Low,10.3,Low,Alcohol
OC0193,Ethanol,191.25,242.8,-33.8,Polar,Low,Medium,8.2,Low,Acid
OC0194,Isopropanol,79.24,289.2,20.7,Non-polar,Medium,Medium,2.7,Low,Ketone
OC0195,Glycerol,100.66,166.1,-15.0,Polar,Medium,High,5.2,Medium,Acid
OC0196,Toluene,159.31,178.7,-73.5,Polar,Medium,Low,4.7,Low,Ketone
OC0197,Benzene,38.6,286.3,116.0,Non-polar,High,Low,10.1,High,Amine
OC0198,Phenol,62.27,89.8,149.0,Non-polar,Medium,Medium,7.0,Low,Acid
OC0199,Dimethylformamide,107.73,110.2,45.8,Polar,High,Medium,6.9,High,Amine
OC0200,Pyridine,78.58,52.0,-73.1,Polar,Medium,High,5.7,Medium,Aromatic
OC0201,Ethanol,98.1,192.6,-51.3,Non-polar,High,Medium,7.0,High,Aromatic
OC0202,Nitrobenzene,145.67,79.7,143.8,Non-polar,Medium,Medium,7.6,Medium,Solvent
OC0203,Toluene,63.84,177.3,25.0,Polar,High,Low,9.1,Medium,Aldehyde
OC0204,Glycerol,55.32,273.3,-65.1,Non-polar,High,Medium,11.9,High,Solvent
OC0205,Heptane,130.93,176.8,27.4,Non-polar,Low,High,5.0,Low,Aromatic
OC0206,Phenol,144.55,295.0,45.9,Polar,Low,Medium,4.7,High,Solvent
OC0207,Cyclohexane,128.2,230.4,45.9,Polar,Low,High,9.2,Medium,Ketone
OC0208,Butanol,35.37,287.1,-72.5,Polar,Medium,Medium,6.2,Medium,Amine
OC0209,Acetic Acid,99.76,243.7,130.1,Polar,Low,Low,7.2,High,Aromatic
OC0210,Pyridine,119.33,128.4,-56.7,Non-polar,Low,Medium,8.8,High,Amine
OC0211,Hexane,133.71,98.1,-38.4,Non-polar,High,Medium,9.7,High,Ketone
OC0212,Pyridine,83.9,137.2,133.4,Non-polar,Medium,Low,7.7,High,Acid
OC0213,Chloroform,169.12,288.7,101.2,Non-polar,High,Medium,11.6,Low,Aromatic
OC0214,Glycerol,141.52,236.8,-46.5,Non-polar,Low,High,4.7,Low,Aldehyde
OC0215,Cyclohexane,70.68,62.7,126.3,Polar,Low,Low,2.5,Medium,Aromatic
OC0216,Pyridine,47.09,242.7,-98.7,Polar,Medium,High,11.4,Medium,Acid
OC0217,Acetic Acid,158.5,121.8,-28.6,Polar,High,High,7.7,High,Amine
OC0218,Ethanol,185.25,93.8,120.6,Polar,High,Medium,9.9,Low,Amine
OC0219,Heptane,179.05,52.3,42.0,Polar,Medium,Medium,6.5,High,Aldehyde
OC0220,Dimethylformamide,113.97,284.6,112.8,Non-polar,Medium,Low,10.1,Medium,Ketone
OC0221,Glycerol,140.21,229.6,-96.5,Non-polar,Medium,High,8.7,Low,Ketone
OC0222,Nitrobenzene,175.54,274.3,106.7,Non-polar,High,Medium,8.7,Low,Ketone
OC0223,Pyridine,85.01,112.0,-34.8,Polar,Medium,Medium,11.5,Medium,Aldehyde
OC0224,Cyclohexane,31.94,213.4,73.2,Polar,Low,Low,6.7,Low,Acid
OC0225,Dimethylformamide,186.93,272.0,92.5,Polar,Low,Medium,5.7,Low,Ketone
OC0226,Toluene,111.29,163.7,147.2,Non-polar,Medium,High,7.5,Medium,Solvent
OC0227,Isopropanol,166.34,256.4,90.5,Polar,Low,Medium,7.3,Medium,Alcohol
OC0228,Cyclohexane,49.08,257.2,125.7,Polar,Low,High,3.5,Medium,Solvent
OC0229,Dimethylformamide,105.11,220.1,79.2,Non-polar,High,High,6.5,Low,Acid
OC0230,Toluene,117.25,164.2,-85.6,Non-polar,Low,Medium,9.2,Medium,Aromatic
OC0231,Methanol,156.79,194.6,-88.7,Non-polar,Low,Low,7.4,Low,Alcohol
OC0232,Pyridine,35.39,152.2,92.2,Non-polar,Medium,Medium,6.5,Medium,Acid
OC0233,Acetone,146.06,215.4,34.8,Non-polar,High,Low,11.9,Medium,Aldehyde
OC0234,Toluene,153.74,105.7,-99.1,Polar,Medium,Medium,8.7,High,Acid
OC0235,Isopropanol,94.48,107.4,15.2,Polar,Medium,Low,11.4,High,Solvent
OC0236,Benzene,35.48,215.0,53.7,Polar,High,Low,2.7,High,Alcohol
OC0237,Glycerol,131.62,225.8,-87.8,Polar,Medium,Medium,4.3,Low,Solvent
OC0238,Ethanol,53.82,298.4,-41.5,Non-polar,Low,High,9.7,Medium,Ketone
OC0239,Heptane,178.96,296.4,30.3,Non-polar,Medium,Medium,2.6,High,Amine
OC0240,Formaldehyde,136.42,156.8,23.9,Non-polar,Low,High,5.8,High,Aromatic
OC0241,Ethylene Glycol,99.4,125.0,-54.0,Non-polar,High,Low,5.0,High,Ketone
OC0242,Glycerol,185.51,190.6,141.9,Polar,Medium,Low,4.5,Medium,Amine
OC0243,Acetone,186.78,261.8,-76.9,Polar,High,Medium,5.8,High,Aldehyde
OC0244,Ethanol,178.52,97.0,90.4,Polar,Medium,Low,10.7,Medium,Aromatic
OC0245,Methanol,66.01,97.5,85.4,Non-polar,High,High,8.0,Low,Acid
OC0246,Butanol,123.85,243.9,-4.8,Non-polar,Medium,Medium,5.6,Medium,Acid
OC0247,Benzene,166.48,230.6,90.4,Non-polar,High,Medium,5.1,Low,Aldehyde
OC0248,Butanol,156.01,54.1,38.3,Non-polar,Medium,Low,4.0,Low,Acid
OC0249,Cyclohexane,171.67,174.8,63.7,Non-polar,Medium,Medium,11.7,High,Amine
OC0250,Pyridine,108.34,233.2,-12.0,Polar,Low,High,6.9,High,Amine
OC0251,Ethanol,119.07,259.8,-81.4,Polar,High,Medium,3.4,High,Ketone
OC0252,Acetone,150.22,52.3,26.4,Non-polar,High,High,8.4,High,Acid
OC0253,Pyridine,32.67,183.1,2.8,Polar,Low,High,4.7,Medium,Alcohol
OC0254,Dimethylformamide,168.24,218.5,101.5,Polar,High,Low,7.2,Low,Ketone
OC0255,Nitrobenzene,119.5,253.8,-33.2,Non-polar,High,Medium,11.6,Medium,Aldehyde
OC0256,Butanol,198.34,106.5,71.0,Polar,Low,High,9.6,Low,Acid
OC0257,Chloroform,94.12,169.0,59.2,Polar,High,Medium,10.5,High,Solvent
OC0258,Phenol,126.2,264.5,-76.2,Polar,High,Low,11.0,High,Aldehyde
OC0259,Pyridine,76.09,281.0,71.1,Non-polar,Low,High,8.6,Low,Solvent
OC0260,Phenol,32.66,101.8,-64.0,Non-polar,High,Medium,3.6,Low,Aldehyde
OC0261,Chloroform,145.1,185.1,-4.0,Polar,Low,High,2.8,High,Aromatic
OC0262,Ethanol,46.61,108.0,-81.0,Non-polar,Medium,Low,8.3,Medium,Acid
OC0263,Butanol,90.49,285.3,8.0,Non-polar,High,High,5.0,Low,Amine
OC0264,Acetone,43.95,88.6,77.9,Polar,Low,Medium,5.2,Low,Alcohol
OC0265,Methanol,190.3,161.2,90.3,Polar,High,Low,3.9,Medium,Aldehyde
OC0266,Isopropanol,117.11,75.8,-77.6,Polar,Low,High,9.8,Medium,Alcohol
OC0267,Heptane,100.35,244.8,81.2,Polar,Low,High,3.7,Medium,Ketone
OC0268,Toluene,75.72,117.1,-63.5,Polar,Medium,Medium,6.2,Medium,Solvent
OC0269,Acetone,91.39,286.1,80.2,Non-polar,Low,High,4.0,Low,Ketone
OC0270,Heptane,31.15,148.9,110.4,Non-polar,Medium,Medium,5.3,High,Aldehyde
OC0271,Toluene,81.07,200.8,73.8,Non-polar,Medium,Low,11.6,Medium,Aromatic
OC0272,Pyridine,194.52,245.5,-18.5,Non-polar,Medium,Medium,3.1,High,Ketone
OC0273,Cyclohexane,199.54,95.0,91.9,Polar,Low,Medium,11.4,Low,Acid
OC0274,Heptane,171.32,67.3,111.9,Non-polar,Low,Medium,3.4,Medium,Ketone
OC0275,Hexane,141.97,228.8,97.3,Polar,Medium,High,6.8,Medium,Aldehyde
OC0276,Dimethylformamide,186.99,267.4,4.6,Polar,Medium,High,11.0,High,Aldehyde
OC0277,Acetone,48.59,112.1,66.2,Polar,Low,High,2.4,High,Amine
OC0278,Chloroform,194.36,132.9,99.1,Polar,High,Low,4.6,High,Amine
OC0279,Dimethylformamide,124.86,221.9,-44.7,Non-polar,Medium,Medium,9.7,High,Amine
OC0280,Dimethylformamide,55.63,299.4,20.7,Non-polar,Medium,Low,3.2,High,Ketone
OC0281,Aniline,83.02,163.8,-48.3,Non-polar,Medium,Medium,3.0,High,Amine
OC0282,Glycerol,84.21,125.1,102.5,Polar,High,Medium,8.5,High,Solvent
OC0283,Formaldehyde,188.09,235.1,29.0,Polar,Medium,High,6.3,Medium,Ketone
OC0284,Chloroform,137.06,96.6,64.3,Non-polar,High,High,8.1,Low,Acid
OC0285,Cyclohexane,103.02,51.1,-46.3,Non-polar,Low,Low,7.8,High,Ketone
OC0286,Aniline,85.42,164.4,-34.4,Non-polar,Low,High,5.1,Medium,Aldehyde
OC0287,Chloroform,129.79,137.0,111.4,Polar,Low,High,10.0,High,Aldehyde
OC0288,Acetone,144.26,128.3,-40.4,Polar,High,Medium,8.9,High,Acid
OC0289,Ethylene Glycol,131.39,193.7,5.8,Non-polar,Low,High,8.9,High,Ketone
OC0290,Isopropanol,58.37,122.2,-53.2,Non-polar,Low,Low,10.7,Low,Acid
OC0291,Toluene,63.17,146.0,40.4,Non-polar,Medium,High,6.9,High,Solvent
OC0292,Glycerol,113.08,70.7,-92.3,Polar,Medium,Low,4.7,High,Aromatic
OC0293,Formaldehyde,162.73,191.4,93.1,Non-polar,Low,High,3.1,Low,Aromatic
OC0294,Isopropanol,169.96,141.7,105.7,Polar,Low,Medium,7.5,Medium,Alcohol
OC0295,Butanol,80.61,299.8,12.4,Non-polar,High,Medium,10.7,Low,Solvent
OC0296,Butanol,65.68,234.4,72.3,Non-polar,High,High,3.4,Low,Solvent
OC0297,Acetic Acid,166.92,192.5,33.1,Polar,Medium,High,4.9,High,Aromatic
OC0298,Dimethylformamide,197.53,219.8,-76.2,Non-polar,High,Medium,10.7,Low,Amine
OC0299,Toluene,72.45,227.8,107.1,Non-polar,Medium,Low,7.8,Medium,Amine
OC0300,Ethylene Glycol,93.78,68.9,98.6,Polar,Medium,High,9.5,High,Aromatic
OC0301,Glycerol,191.54,131.8,-99.4,Polar,Low,Medium,8.3,High,Aromatic
OC0302,Acetone,165.27,149.4,142.0,Polar,Medium,Medium,5.2,Medium,Aromatic
OC0303,Isopropanol,128.25,191.5,21.3,Non-polar,Low,Low,2.5,High,Solvent
OC0304,Glycerol,32.77,282.4,-60.5,Non-polar,High,Medium,4.0,High,Ketone
OC0305,Heptane,57.03,283.2,-31.5,Non-polar,Medium,Low,5.7,High,Ketone
OC0306,Ethanol,97.38,126.4,74.9,Polar,Medium,High,2.9,Low,Alcohol
OC0307,Acetic Acid,111.06,83.2,-43.5,Non-polar,High,Low,9.0,Low,Solvent
OC0308,Ethylene Glycol,147.99,169.4,-42.8,Polar,Low,Low,3.0,Medium,Aromatic
OC0309,Toluene,95.06,253.3,118.6,Polar,High,High,7.6,High,Amine
OC0310,Formaldehyde,104.82,230.6,57.0,Polar,Medium,High,8.9,Low,Alcohol
OC0311,Benzene,53.8,80.8,82.5,Non-polar,Medium,Medium,9.9,Low,Aromatic
OC0312,Acetone,72.19,200.2,80.3,Non-polar,Low,Low,10.5,High,Aromatic
OC0313,Acetic Acid,118.02,177.4,87.0,Non-polar,Low,Low,9.8,Low,Acid
OC0314,Chloroform,49.17,174.9,48.5,Polar,Medium,Medium,3.3,High,Acid
OC0315,Aniline,122.88,93.2,17.8,Polar,High,High,2.7,Medium,Ketone
OC0316,Ethanol,186.84,287.2,-0.5,Non-polar,Low,High,7.0,Medium,Acid
OC0317,Chloroform,44.01,184.1,54.0,Non-polar,High,Medium,2.8,Low,Solvent
OC0318,Toluene,121.19,147.7,58.6,Polar,Medium,High,6.4,Low,Alcohol
OC0319,Butanol,44.66,158.6,13.3,Polar,Medium,High,9.4,High,Ketone
OC0320,Benzene,32.15,84.3,-97.2,Non-polar,Medium,High,7.2,High,Aromatic
OC0321,Formaldehyde,93.22,237.4,118.4,Polar,High,Medium,10.1,Medium,Aldehyde
OC0322,Acetone,74.7,293.8,56.9,Non-polar,Medium,High,5.6,Medium,Solvent
OC0323,Cyclohexane,58.37,89.3,93.3,Polar,High,High,7.1,Low,Solvent
OC0324,Methanol,71.57,167.9,-4.3,Polar,High,Low,7.5,High,Amine
OC0325,Ethylene Glycol,68.17,112.1,129.0,Non-polar,Medium,Low,7.7,Low,Aldehyde
OC0326,Ethanol,60.49,251.1,145.4,Non-polar,High,Medium,10.7,Medium,Aromatic
OC0327,Acetone,124.03,52.0,-49.8,Non-polar,Low,High,4.4,Medium,Aldehyde
OC0328,Pyridine,199.62,244.0,83.1,Polar,High,Low,11.3,Low,Ketone
OC0329,Isopropanol,88.89,259.9,119.3,Non-polar,High,High,5.8,High,Amine
OC0330,Heptane,47.67,182.5,-40.5,Non-polar,High,Low,9.1,Low,Alcohol
OC0331,Butanol,182.54,179.9,75.2,Non-polar,Medium,High,2.8,Low,Aldehyde
OC0332,Toluene,138.33,148.6,48.0,Polar,Medium,High,11.6,Low,Aromatic
OC0333,Hexane,174.66,281.5,-1.8,Non-polar,Medium,Medium,4.7,Low,Ketone
OC0334,Toluene,162.59,196.2,-61.1,Polar,Medium,Medium,5.1,Low,Aldehyde
OC0335,Aniline,193.99,101.9,-22.9,Non-polar,High,Low,3.6,High,Aromatic
OC0336,Nitrobenzene,36.86,259.0,-18.1,Polar,Low,Low,11.7,Medium,Aldehyde
OC0337,Ethanol,145.12,115.0,147.7,Polar,Medium,Medium,7.6,High,Ketone
OC0338,Benzene,108.55,251.0,-65.1,Polar,High,Low,3.3,Medium,Aromatic
OC0339,Acetone,129.0,114.7,103.2,Polar,High,Low,11.0,Medium,Solvent
OC0340,Toluene,45.64,261.8,102.2,Polar,High,Medium,2.5,High,Acid
OC0341,Chloroform,114.34,145.7,6.7,Non-polar,High,Low,4.7,Medium,Ketone
OC0342,Ethanol,134.4,204.2,61.8,Non-polar,Medium,High,6.8,Low,Aromatic
OC0343,Chloroform,53.33,99.9,121.2,Polar,Low,High,9.9,Medium,Solvent
OC0344,Aniline,111.55,245.4,-14.0,Non-polar,Medium,Medium,3.8,Medium,Aldehyde
OC0345,Butanol,34.98,252.7,-29.8,Non-polar,Low,Medium,9.7,Low,Ketone
OC0346,Benzene,72.14,110.3,33.4,Polar,High,High,10.5,Medium,Aromatic
OC0347,Formaldehyde,59.94,198.1,101.6,Non-polar,Low,Low,9.0,Medium,Aldehyde
OC0348,Cyclohexane,54.16,287.1,109.2,Non-polar,Low,Medium,3.8,Low,Alcohol
OC0349,Ethanol,69.55,104.7,31.6,Polar,Medium,High,4.0,Low,Aromatic
OC0350,Formaldehyde,186.19,261.1,-19.1,Polar,High,High,9.0,Low,Solvent
OC0351,Benzene,173.9,265.2,140.1,Non-polar,Low,High,6.0,Low,Aromatic
OC0352,Heptane,84.84,294.0,83.1,Non-polar,Low,Medium,8.5,Low,Amine
OC0353,Isopropanol,147.91,282.2,96.7,Polar,Low,High,10.1,Medium,Aromatic
OC0354,Heptane,51.65,232.2,137.2,Non-polar,Low,Low,3.8,Medium,Solvent
OC0355,Nitrobenzene,67.55,191.4,134.2,Polar,Medium,High,2.8,Medium,Aromatic
OC0356,Formaldehyde,138.15,290.8,105.4,Non-polar,Medium,Low,4.7,Low,Amine
OC0357,Acetone,89.58,246.8,80.1,Polar,Medium,Medium,9.3,Low,Acid
OC0358,Pyridine,179.9,137.8,-6.2,Non-polar,Low,High,9.6,Low,Ketone
OC0359,Glycerol,42.53,261.4,-26.3,Non-polar,Medium,Low,2.7,Low,Acid
OC0360,Formaldehyde,154.44,186.8,124.5,Polar,Medium,High,11.9,Medium,Amine
OC0361,Methanol,103.32,213.4,51.8,Non-polar,High,Low,3.0,Low,Ketone
OC0362,Ethylene Glycol,148.52,230.5,82.5,Non-polar,Low,Medium,5.0,Low,Alcohol
OC0363,Chloroform,127.2,260.0,-61.6,Non-polar,High,Medium,2.9,High,Amine
OC0364,Nitrobenzene,111.66,74.2,-48.3,Non-polar,High,Medium,10.4,Medium,Solvent
OC0365,Chloroform,110.06,273.7,-33.7,Non-polar,High,Medium,10.9,Medium,Ketone
OC0366,Glycerol,37.58,159.9,-34.1,Non-polar,Low,Low,3.5,High,Amine
OC0367,Benzene,44.57,135.9,35.4,Polar,Low,Low,10.4,High,Acid
OC0368,Isopropanol,146.8,284.1,43.2,Polar,Medium,Medium,2.8,High,Alcohol
OC0369,Dimethylformamide,127.11,179.2,42.9,Polar,High,Medium,3.7,Low,Ketone
OC0370,Acetic Acid,51.45,155.8,147.1,Non-polar,High,High,3.5,High,Aromatic
OC0371,Phenol,184.84,278.5,-83.2,Non-polar,Low,Medium,7.5,Medium,Aldehyde
OC0372,Glycerol,185.92,53.1,75.1,Non-polar,High,Medium,3.5,High,Aldehyde
OC0373,Cyclohexane,158.92,284.9,131.2,Polar,Medium,High,10.8,Medium,Aromatic
OC0374,Chloroform,141.31,193.0,18.3,Polar,Medium,Medium,3.4,High,Amine
OC0375,Chloroform,36.59,272.4,-17.1,Polar,High,High,6.8,Medium,Aromatic
OC0376,Methanol,87.44,248.4,-22.3,Non-polar,Low,High,3.0,Low,Ketone
OC0377,Heptane,195.62,160.8,106.5,Non-polar,Low,Medium,8.0,Low,Ketone
OC0378,Glycerol,65.94,256.0,85.2,Non-polar,High,High,9.9,Low,Aromatic
OC0379,Dimethylformamide,98.58,245.1,31.1,Polar,High,Low,10.8,Low,Solvent
OC0380,Ethanol,72.41,164.1,129.5,Polar,Medium,Medium,10.2,High,Acid
OC0381,Benzene,145.8,110.5,22.2,Non-polar,High,Medium,7.9,Medium,Aromatic
OC0382,Formaldehyde,172.4,114.7,107.7,Polar,Medium,Low,5.9,Low,Solvent
OC0383,Cyclohexane,162.57,103.6,-44.7,Polar,Low,Low,4.7,Medium,Aldehyde
OC0384,Methanol,176.99,291.8,70.5,Non-polar,High,High,3.7,Low,Ketone
OC0385,Hexane,133.42,285.8,78.2,Non-polar,Medium,Medium,10.5,Medium,Aromatic
OC0386,Acetic Acid,109.34,219.3,106.1,Non-polar,Low,Low,2.1,High,Solvent
OC0387,Aniline,125.45,198.4,-29.3,Polar,Medium,Low,5.4,Medium,Amine
OC0388,Phenol,176.45,115.3,77.8,Non-polar,High,Low,7.2,Low,Alcohol
OC0389,Nitrobenzene,98.7,129.9,-65.0,Polar,Low,Medium,12.0,Medium,Acid
OC0390,Chloroform,96.01,58.8,77.0,Polar,Medium,High,9.1,High,Aldehyde
OC0391,Pyridine,184.11,218.0,26.8,Polar,Low,High,3.8,Low,Acid
OC0392,Toluene,155.96,231.3,39.8,Polar,Low,Medium,8.5,Low,Aromatic
OC0393,Butanol,156.52,126.8,97.0,Non-polar,Medium,Medium,7.9,Medium,Solvent
OC0394,Benzene,109.99,266.6,45.9,Polar,Medium,Low,7.0,High,Acid
OC0395,Dimethylformamide,80.72,63.5,113.6,Polar,High,Medium,6.1,High,Acid
OC0396,Toluene,83.79,228.9,94.7,Non-polar,Medium,High,11.9,Medium,Amine
OC0397,Ethanol,30.8,118.4,90.3,Polar,Low,Low,6.9,Low,Ketone
OC0398,Nitrobenzene,103.73,157.4,7.3,Non-polar,Medium,Low,2.4,Low,Amine
OC0399,Aniline,191.51,273.0,89.2,Polar,High,High,2.0,High,Ketone
OC0400,Butanol,147.9,136.1,-67.8,Non-polar,Low,High,5.1,Low,Solvent
OC0401,Ethanol,80.69,122.7,82.0,Non-polar,Medium,High,12.0,Medium,Acid
OC0402,Aniline,157.52,91.2,126.7,Non-polar,High,Low,4.2,Low,Ketone
OC0403,Methanol,130.25,92.2,-8.4,Polar,Medium,High,4.6,High,Aldehyde
OC0404,Ethanol,130.97,62.0,-73.0,Polar,High,High,3.2,Medium,Acid
OC0405,Benzene,123.04,168.6,-61.7,Polar,Medium,Medium,8.6,High,Aldehyde
OC0406,Hexane,135.88,225.2,4.7,Polar,Low,High,8.2,Medium,Alcohol
OC0407,Benzene,114.62,202.3,94.5,Polar,Medium,High,6.1,Low,Alcohol
OC0408,Isopropanol,114.38,101.9,133.3,Non-polar,High,Low,2.1,Low,Alcohol
OC0409,Cyclohexane,143.73,87.3,-77.5,Polar,Low,High,3.0,Medium,Amine
OC0410,Butanol,107.65,294.3,-34.0,Polar,High,Low,10.7,Medium,Aromatic
OC0411,Phenol,102.42,79.0,112.8,Polar,High,Low,8.6,Low,Aromatic
OC0412,Aniline,182.07,288.8,-32.9,Polar,Medium,Medium,3.8,Medium,Acid
OC0413,Glycerol,76.21,146.4,112.7,Non-polar,Low,Low,3.1,High,Amine
OC0414,Ethanol,196.87,261.1,-74.1,Non-polar,Low,High,6.4,High,Acid
OC0415,Aniline,133.93,265.6,120.0,Polar,Medium,Medium,3.1,Medium,Acid
OC0416,Ethanol,40.77,213.7,-96.9,Polar,Low,Medium,7.2,High,Amine
OC0417,Nitrobenzene,46.19,215.4,-37.9,Non-polar,Low,High,8.4,Low,Solvent
OC0418,Isopropanol,181.65,203.2,-97.1,Polar,Low,Medium,10.5,Low,Alcohol
OC0419,Pyridine,84.51,132.7,-30.5,Polar,Low,High,5.8,Low,Alcohol
OC0420,Glycerol,105.51,193.3,-78.0,Non-polar,Medium,Medium,3.2,Medium,Amine
OC0421,Methanol,47.45,153.1,39.3,Polar,High,High,11.6,High,Aromatic
OC0422,Dimethylformamide,125.6,213.6,14.1,Non-polar,Medium,Low,10.2,Medium,Aromatic
OC0423,Isopropanol,160.46,200.0,79.2,Non-polar,Low,Medium,3.1,High,Ketone
OC0424,Methanol,88.03,257.5,141.1,Non-polar,Low,High,5.7,Low,Alcohol
OC0425,Formaldehyde,113.71,255.5,85.6,Non-polar,High,Medium,8.1,Low,Alcohol
OC0426,Chloroform,66.65,256.1,-52.4,Non-polar,High,Medium,2.5,High,Solvent
OC0427,Cyclohexane,50.95,272.9,14.3,Polar,Medium,Low,7.3,Low,Aldehyde
OC0428,Ethylene Glycol,172.6,170.7,27.1,Polar,Low,High,3.7,Low,Alcohol
OC0429,Chloroform,141.78,201.5,-19.5,Non-polar,Medium,High,11.2,Low,Aromatic
OC0430,Chloroform,193.81,292.6,13.2,Polar,High,Medium,8.0,High,Aldehyde
OC0431,Heptane,173.32,187.0,-21.5,Polar,High,Low,8.2,Medium,Amine
OC0432,Aniline,186.6,83.2,77.6,Polar,Low,High,8.9,Medium,Amine
OC0433,Benzene,159.33,190.6,45.7,Non-polar,Low,High,10.9,High,Aromatic
OC0434,Ethylene Glycol,167.41,180.7,-93.7,Polar,High,High,2.6,Medium,Solvent
OC0435,Formaldehyde,197.2,220.8,-63.4,Polar,Low,Medium,4.0,High,Alcohol
OC0436,Aniline,168.38,75.6,117.0,Polar,Low,High,7.6,Low,Aldehyde
OC0437,Heptane,147.8,61.7,-4.6,Non-polar,Low,Medium,11.7,Low,Alcohol
OC0438,Hexane,64.52,267.2,115.1,Non-polar,High,High,9.0,High,Aromatic
OC0439,Cyclohexane,122.92,200.8,94.0,Polar,Medium,Medium,3.8,High,Alcohol
OC0440,Formaldehyde,193.62,233.8,-70.2,Polar,Medium,Medium,7.6,Low,Ketone
OC0441,Cyclohexane,173.82,51.4,16.6,Polar,High,Low,11.3,High,Alcohol
OC0442,Nitrobenzene,173.33,125.3,97.5,Non-polar,High,High,5.2,Low,Ketone
OC0443,Dimethylformamide,41.59,176.3,4.0,Non-polar,High,Medium,4.2,Low,Amine
OC0444,Phenol,86.28,123.4,137.6,Non-polar,Low,High,2.1,High,Aromatic
OC0445,Glycerol,70.86,210.6,129.7,Polar,High,High,10.9,Medium,Solvent
OC0446,Benzene,95.6,185.1,-29.3,Non-polar,Low,High,6.5,Low,Aromatic
OC0447,Acetic Acid,84.45,70.6,-76.0,Polar,Low,Low,4.1,High,Solvent
OC0448,Acetic Acid,177.04,156.1,-74.0,Non-polar,Low,Low,9.5,Low,Alcohol
OC0449,Glycerol,151.87,59.5,-81.7,Polar,Medium,High,2.7,Low,Aromatic
OC0450,Ethylene Glycol,95.97,207.6,8.3,Polar,Medium,High,3.2,Low,Amine
OC0451,Nitrobenzene,40.75,236.5,-88.6,Polar,Medium,High,3.1,High,Aromatic
OC0452,Nitrobenzene,44.71,241.3,9.4,Non-polar,Low,Low,6.7,High,Ketone
OC0453,Toluene,156.95,249.2,112.4,Non-polar,Low,Low,5.0,High,Amine
OC0454,Aniline,192.76,52.8,118.7,Polar,High,Low,2.1,High,Acid
OC0455,Isopropanol,123.08,71.3,-47.5,Non-polar,High,Medium,11.1,High,Ketone
OC0456,Formaldehyde,61.28,204.2,-36.8,Polar,High,High,10.0,Low,Solvent
OC0457,Isopropanol,108.42,187.4,-27.3,Polar,Medium,Low,4.0,High,Acid
OC0458,Phenol,90.71,217.8,-41.4,Non-polar,Low,Low,11.0,Medium,Acid
OC0459,Glycerol,85.82,214.9,73.4,Polar,Low,High,5.6,Medium,Acid
OC0460,Formaldehyde,30.82,111.5,-44.6,Non-polar,Medium,Medium,3.3,High,Aromatic
OC0461,Pyridine,108.68,139.7,-23.6,Polar,High,High,8.1,Medium,Solvent
OC0462,Toluene,181.52,99.1,83.4,Polar,Low,Low,10.9,High,Amine
OC0463,Methanol,168.15,194.7,92.3,Polar,High,High,4.6,High,Acid
OC0464,Toluene,92.19,105.8,93.0,Non-polar,High,Medium,7.0,Low,Acid
OC0465,Aniline,115.37,215.7,112.0,Polar,Low,Low,6.5,Low,Aldehyde
OC0466,Cyclohexane,142.1,291.9,84.0,Non-polar,Medium,Low,4.2,Medium,Ketone
OC0467,Acetone,74.94,108.5,67.1,Non-polar,Medium,Medium,11.2,Low,Alcohol
OC0468,Phenol,47.55,292.1,58.4,Non-polar,Low,Medium,7.8,High,Ketone
OC0469,Chloroform,141.12,141.3,63.3,Polar,Low,Medium,5.8,Low,Aldehyde
OC0470,Chloroform,89.99,266.9,21.7,Non-polar,Low,Low,7.0,Low,Acid
OC0471,Formaldehyde,69.1,178.6,-29.8,Polar,High,Low,5.6,High,Solvent
OC0472,Benzene,142.39,153.7,-17.4,Polar,Medium,High,6.8,Low,Aldehyde
OC0473,Formaldehyde,140.03,152.7,-39.1,Polar,Low,High,3.6,High,Aldehyde
OC0474,Ethanol,181.44,86.7,-58.4,Polar,Low,Medium,8.0,High,Amine
OC0475,Methanol,179.35,232.0,105.3,Polar,High,Medium,8.1,Medium,Solvent
OC0476,Pyridine,59.0,257.6,50.2,Polar,Low,High,7.1,Low,Amine
OC0477,Phenol,186.8,199.1,-82.8,Non-polar,Medium,Low,3.1,Low,Aldehyde
OC0478,Dimethylformamide,146.34,256.6,51.4,Polar,Medium,High,8.0,High,Aldehyde
OC0479,Benzene,45.84,214.8,125.5,Polar,Low,High,6.3,Medium,Aromatic
OC0480,Ethanol,148.6,157.2,134.6,Non-polar,Medium,Medium,7.9,High,Solvent
OC0481,Cyclohexane,46.61,83.5,19.3,Polar,High,Medium,8.0,High,Acid
OC0482,Hexane,62.13,227.3,97.4,Polar,Low,Low,5.8,Low,Amine
OC0483,Phenol,99.5,76.6,6.5,Non-polar,Medium,High,6.2,Medium,Aldehyde
OC0484,Hexane,198.61,149.4,-49.1,Non-polar,High,Medium,7.6,Medium,Aromatic
OC0485,Heptane,128.2,243.5,-0.5,Polar,Low,Low,9.5,Medium,Solvent
OC0486,Formaldehyde,47.05,177.1,96.5,Polar,High,Medium,11.6,Low,Solvent
OC0487,Acetone,169.95,167.9,50.1,Polar,High,Medium,4.2,Low,Aldehyde
OC0488,Ethanol,153.16,282.7,0.2,Non-polar,Low,High,2.6,Low,Amine
OC0489,Pyridine,104.63,100.4,64.2,Non-polar,High,Low,9.8,High,Aldehyde
OC0490,Butanol,134.58,218.5,-10.1,Polar,High,Low,12.0,Medium,Aromatic
OC0491,Chloroform,98.93,100.1,-96.2,Polar,High,High,4.8,High,Aldehyde
OC0492,Aniline,89.07,253.9,-43.4,Polar,Medium,Medium,7.7,Medium,Ketone
OC0493,Ethylene Glycol,116.06,189.7,25.8,Non-polar,High,High,11.6,High,Solvent
OC0494,Cyclohexane,72.52,160.7,-5.7,Non-polar,High,Medium,11.6,Medium,Amine
OC0495,Glycerol,182.41,265.5,20.5,Non-polar,High,Medium,8.3,Low,Amine
OC0496,Butanol,166.03,153.1,-11.7,Polar,Low,Medium,4.5,Low,Acid
OC0497,Phenol,42.92,282.8,19.1,Non-polar,High,High,4.7,High,Amine
OC0498,Acetic Acid,114.83,99.9,83.9,Non-polar,High,Low,4.0,Low,Solvent
OC0499,Nitrobenzene,90.52,244.7,-70.0,Polar,Low,High,6.9,Low,Solvent
OC0500,Isopropanol,192.86,262.0,-7.2,Non-polar,Medium,High,10.7,Medium,Ketone
OC0501,Dimethylformamide,77.65,105.5,44.2,Polar,Low,Medium,6.8,High,Alcohol
OC0502,Dimethylformamide,89.04,265.1,94.0,Non-polar,High,High,7.2,Medium,Amine
OC0503,Methanol,32.01,102.7,45.3,Non-polar,Medium,High,10.6,Low,Aldehyde
OC0504,Hexane,70.31,167.8,53.3,Non-polar,High,Medium,6.2,Medium,Amine
OC0505,Aniline,92.06,150.1,12.7,Polar,Low,High,4.3,Low,Amine
OC0506,Hexane,166.69,188.8,114.1,Polar,High,High,3.5,Low,Ketone
OC0507,Ethylene Glycol,114.93,298.9,112.3,Non-polar,Medium,Medium,4.5,High,Alcohol
OC0508,Chloroform,46.83,90.8,-46.1,Non-polar,Medium,High,3.0,High,Aromatic
OC0509,Hexane,91.36,190.1,133.0,Non-polar,Medium,Low,6.1,Medium,Solvent
OC0510,Nitrobenzene,63.82,194.0,62.3,Polar,Medium,Medium,5.3,High,Acid
OC0511,Glycerol,181.24,145.3,-28.4,Polar,High,High,10.1,Medium,Acid
OC0512,Nitrobenzene,127.18,262.2,-82.2,Polar,Medium,Low,5.1,High,Aromatic
OC0513,Hexane,132.92,148.9,121.9,Non-polar,Low,High,7.2,Medium,Acid
OC0514,Formaldehyde,61.26,55.8,81.9,Non-polar,Low,High,9.5,Low,Ketone
OC0515,Chloroform,47.51,65.9,119.7,Polar,High,Medium,7.2,Low,Alcohol
OC0516,Hexane,135.08,71.1,132.9,Non-polar,Medium,Low,4.5,Medium,Acid
OC0517,Toluene,52.32,259.6,-92.9,Non-polar,Medium,Medium,6.7,High,Aromatic
OC0518,Isopropanol,105.62,292.4,74.4,Polar,Low,High,6.6,High,Amine
OC0519,Cyclohexane,103.95,209.9,33.4,Non-polar,Medium,High,4.3,Low,Acid
OC0520,Heptane,92.18,115.0,-24.1,Polar,Low,Low,5.4,Medium,Aldehyde
OC0521,Methanol,146.92,173.0,88.9,Non-polar,High,Medium,10.0,High,Ketone
OC0522,Methanol,123.2,97.1,120.5,Non-polar,Medium,Low,3.6,High,Amine
OC0523,Chloroform,170.83,105.1,-80.2,Polar,Low,High,10.1,High,Aromatic
OC0524,Heptane,140.24,183.0,-32.8,Polar,High,Low,3.4,Low,Amine
OC0525,Glycerol,135.01,118.0,55.7,Polar,Medium,Low,3.5,High,Alcohol
OC0526,Formaldehyde,195.3,120.5,-68.7,Non-polar,Low,Low,4.3,Low,Alcohol
OC0527,Pyridine,66.92,155.1,96.4,Non-polar,Medium,Medium,9.0,Low,Aromatic
OC0528,Acetone,173.4,287.9,-86.0,Non-polar,High,High,6.7,Low,Solvent
OC0529,Hexane,168.93,257.1,-69.5,Polar,Medium,Medium,4.5,Low,Ketone
OC0530,Glycerol,155.0,73.5,66.5,Polar,Medium,Medium,8.8,Medium,Aromatic
OC0531,Formaldehyde,136.96,60.5,134.4,Polar,Medium,Medium,8.4,Low,Aromatic
OC0532,Ethanol,176.82,104.4,-71.8,Non-polar,Medium,Low,3.7,Medium,Aldehyde
OC0533,Benzene,97.29,110.8,142.2,Non-polar,Low,High,3.5,Low,Ketone
OC0534,Formaldehyde,114.99,221.5,-15.4,Polar,High,Medium,8.4,High,Aldehyde
OC0535,Benzene,51.39,108.2,145.4,Non-polar,Medium,High,3.9,High,Acid
OC0536,Aniline,153.15,112.7,-90.1,Non-polar,Low,Medium,7.4,Medium,Ketone
OC0537,Cyclohexane,61.73,136.9,83.1,Non-polar,Low,High,3.6,High,Ketone
OC0538,Glycerol,80.26,115.8,-8.2,Polar,Low,High,5.8,Low,Alcohol
OC0539,Nitrobenzene,175.66,244.0,-40.3,Polar,Low,High,10.2,Low,Aldehyde
OC0540,Pyridine,160.17,88.5,-29.2,Non-polar,Low,Medium,3.1,High,Amine
OC0541,Acetone,37.44,284.4,-55.3,Polar,High,Low,6.9,Low,Alcohol
OC0542,Cyclohexane,139.1,147.1,22.5,Non-polar,High,Medium,4.2,High,Alcohol
OC0543,Methanol,188.14,102.2,22.9,Polar,Medium,High,2.6,High,Amine
OC0544,Ethylene Glycol,169.74,248.6,-85.4,Non-polar,Low,Low,9.3,Medium,Alcohol
OC0545,Acetic Acid,193.3,74.3,81.3,Non-polar,High,Low,7.3,Low,Aldehyde
OC0546,Formaldehyde,124.93,189.5,86.5,Non-polar,Low,Medium,9.0,Medium,Alcohol
OC0547,Formaldehyde,164.72,187.5,26.2,Polar,Low,High,6.4,Medium,Aromatic
OC0548,Isopropanol,198.55,131.2,-7.1,Non-polar,Low,Medium,8.1,High,Aldehyde
OC0549,Acetic Acid,93.76,187.6,86.1,Non-polar,Medium,Medium,11.6,Low,Amine
OC0550,Ethanol,197.1,198.9,29.4,Non-polar,High,Medium,11.8,Low,Solvent
OC0551,Phenol,33.69,255.5,72.4,Non-polar,Low,High,7.6,High,Ketone
OC0552,Benzene,36.42,138.9,-65.4,Non-polar,Low,Low,4.3,Medium,Alcohol
OC0553,Cyclohexane,97.97,279.5,83.6,Non-polar,Medium,Low,6.9,High,Amine
OC0554,Cyclohexane,169.32,73.8,60.6,Polar,Low,High,5.8,Low,Solvent
OC0555,Phenol,89.15,254.3,4.1,Polar,High,High,8.5,High,Alcohol
OC0556,Chloroform,39.2,181.1,-20.2,Polar,Medium,High,9.0,Low,Alcohol
OC0557,Chloroform,195.08,238.2,43.8,Polar,High,Medium,4.9,Medium,Ketone
OC0558,Toluene,87.15,169.0,86.3,Non-polar,Medium,Low,6.0,Medium,Solvent
OC0559,Toluene,159.55,170.2,-50.5,Non-polar,Low,High,4.0,High,Amine
OC0560,Dimethylformamide,71.86,67.9,94.2,Non-polar,Low,High,2.9,High,Acid
OC0561,Ethylene Glycol,92.1,97.6,-13.9,Polar,Medium,Low,11.9,High,Solvent
OC0562,Glycerol,135.94,160.1,131.1,Polar,High,High,5.7,High,Solvent
OC0563,Acetone,49.1,63.6,137.2,Polar,Medium,Low,5.4,Low,Aromatic
OC0564,Glycerol,110.1,133.0,85.0,Polar,High,High,7.2,Medium,Aldehyde
OC0565,Pyridine,135.92,298.1,73.8,Polar,Medium,High,11.1,High,Alcohol
OC0566,Hexane,58.95,121.0,97.3,Non-polar,High,Medium,8.5,Low,Alcohol
OC0567,Chloroform,142.26,215.7,128.2,Non-polar,High,Low,4.9,High,Acid
OC0568,Butanol,196.56,177.1,77.4,Non-polar,Medium,High,7.3,Low,Ketone
OC0569,Dimethylformamide,194.35,190.2,78.1,Polar,High,High,5.0,Medium,Acid
OC0570,Formaldehyde,33.12,221.1,-11.2,Non-polar,High,High,4.8,Low,Amine
OC0571,Hexane,179.38,272.6,103.7,Polar,Low,Medium,4.3,Medium,Acid
OC0572,Toluene,44.93,145.6,140.2,Polar,Medium,Low,7.7,Medium,Aromatic
OC0573,Nitrobenzene,85.98,185.6,-48.3,Polar,Low,High,8.8,Low,Solvent
OC0574,Toluene,82.53,226.3,31.0,Polar,Medium,Low,8.6,High,Ketone
OC0575,Phenol,41.53,183.2,79.9,Polar,Medium,Low,9.3,Medium,Acid
OC0576,Ethylene Glycol,81.57,236.4,105.4,Non-polar,High,Low,3.1,Low,Alcohol
OC0577,Nitrobenzene,134.88,201.4,53.1,Polar,High,High,2.3,Low,Amine
OC0578,Pyridine,52.79,261.5,17.2,Non-polar,High,Medium,6.9,Low,Ketone
OC0579,Acetic Acid,68.47,152.1,142.2,Non-polar,Medium,Low,9.4,Low,Solvent
OC0580,Acetic Acid,41.24,281.8,146.4,Non-polar,Low,Medium,10.7,Low,Acid
OC0581,Chloroform,161.96,202.0,106.1,Non-polar,Medium,High,11.4,High,Aldehyde
OC0582,Isopropanol,119.29,268.9,96.7,Polar,Medium,Medium,10.3,Low,Ketone
OC0583,Dimethylformamide,121.44,296.0,-90.2,Non-polar,Low,High,11.6,Low,Aromatic
OC0584,Glycerol,97.67,126.1,106.9,Non-polar,High,Medium,4.9,Low,Amine
OC0585,Dimethylformamide,183.62,165.9,61.5,Polar,Low,High,3.1,High,Amine
OC0586,Isopropanol,53.0,153.4,12.7,Polar,Medium,High,11.0,Low,Acid
OC0587,Acetone,72.51,222.9,126.8,Polar,Low,High,3.2,Low,Amine
OC0588,Glycerol,137.79,71.3,76.8,Polar,Medium,High,5.8,Low,Aromatic
OC0589,Cyclohexane,178.12,265.7,-59.5,Polar,High,High,2.5,Medium,Aromatic
OC0590,Glycerol,79.09,95.2,124.6,Polar,High,High,9.7,Low,Acid
OC0591,Pyridine,175.42,185.9,-98.6,Non-polar,High,Low,7.9,Medium,Acid
OC0592,Ethylene Glycol,105.12,200.3,-98.4,Non-polar,Low,High,7.6,Low,Alcohol
OC0593,Formaldehyde,55.2,213.3,-90.8,Polar,Low,High,10.4,Medium,Aromatic
OC0594,Acetone,38.34,154.2,-55.4,Non-polar,Low,High,8.9,High,Aldehyde
OC0595,Isopropanol,60.16,163.8,44.7,Polar,High,Medium,5.2,Medium,Solvent
OC0596,Acetone,158.94,260.8,-83.8,Non-polar,High,Low,8.9,Medium,Aromatic
OC0597,Dimethylformamide,100.34,102.5,-47.7,Polar,High,High,9.3,High,Aldehyde
OC0598,Acetone,112.22,222.2,133.5,Non-polar,Medium,High,10.5,Medium,Aldehyde
OC0599,Cyclohexane,199.15,138.5,-67.6,Non-polar,Low,High,8.3,Medium,Solvent
OC0600,Formaldehyde,180.22,108.2,-27.4,Polar,High,Low,2.2,High,Solvent
OC0601,Benzene,155.37,101.8,53.8,Non-polar,Medium,Low,5.3,High,Solvent
OC0602,Acetic Acid,31.92,100.3,-29.6,Polar,Medium,Medium,7.1,Medium,Solvent
OC0603,Methanol,49.35,133.3,-1.0,Polar,High,Low,5.3,Medium,Amine
OC0604,Pyridine,185.75,249.3,61.4,Non-polar,High,High,6.6,High,Aromatic
OC0605,Glycerol,163.28,153.5,85.6,Non-polar,Low,High,8.8,High,Aldehyde
OC0606,Methanol,65.4,221.4,99.9,Non-polar,High,Low,4.8,Low,Aromatic
OC0607,Chloroform,136.51,260.6,42.7,Non-polar,High,High,3.2,Medium,Amine
OC0608,Phenol,150.67,117.9,-78.3,Polar,Medium,Medium,10.3,Medium,Ketone
OC0609,Dimethylformamide,81.39,78.1,96.2,Polar,High,Medium,7.1,Medium,Aldehyde
OC0610,Toluene,62.34,280.9,83.1,Non-polar,Medium,Low,9.7,Low,Solvent
OC0611,Dimethylformamide,145.04,83.2,81.1,Non-polar,Medium,High,10.6,Low,Alcohol
OC0612,Heptane,188.5,221.8,48.6,Polar,Medium,Medium,10.9,Low,Aldehyde
OC0613,Heptane,33.82,239.6,59.7,Polar,Medium,Low,3.9,Medium,Aldehyde
OC0614,Phenol,161.37,217.8,-31.8,Polar,Medium,Low,2.2,High,Aldehyde
OC0615,Dimethylformamide,47.4,185.6,37.3,Non-polar,High,High,10.0,High,Ketone
OC0616,Formaldehyde,42.11,203.3,-15.3,Non-polar,High,Low,2.3,High,Alcohol
OC0617,Benzene,95.21,71.5,-2.0,Non-polar,Low,Medium,5.1,Low,Amine
OC0618,Isopropanol,43.35,280.7,91.1,Polar,High,High,6.7,Medium,Aromatic
OC0619,Glycerol,109.99,286.9,-64.1,Non-polar,Medium,Medium,3.8,High,Aromatic
OC0620,Phenol,107.06,57.6,18.8,Non-polar,Medium,Medium,10.5,Medium,Solvent
OC0621,Aniline,132.75,81.8,-74.3,Polar,Medium,High,8.5,Medium,Aldehyde
OC0622,Glycerol,98.14,153.4,55.2,Polar,Medium,Medium,2.7,Low,Solvent
OC0623,Cyclohexane,103.3,295.1,41.8,Non-polar,Low,High,4.4,High,Amine
OC0624,Acetone,155.69,228.0,109.2,Polar,Low,High,6.6,High,Alcohol
OC0625,Glycerol,59.95,289.0,-82.6,Polar,Low,High,9.7,Medium,Aromatic
OC0626,Pyridine,139.65,65.4,-45.6,Polar,Low,High,10.1,Low,Amine
OC0627,Toluene,107.01,122.9,53.9,Non-polar,High,Low,8.8,Medium,Aromatic
OC0628,Cyclohexane,165.04,219.9,129.6,Non-polar,Low,Medium,11.9,High,Alcohol
OC0629,Nitrobenzene,197.69,151.0,-68.1,Non-polar,High,Medium,11.0,Low,Alcohol
OC0630,Isopropanol,169.53,139.8,115.3,Polar,High,Medium,9.0,Medium,Amine
OC0631,Phenol,151.0,151.5,8.8,Polar,Low,Low,6.7,Low,Aldehyde
OC0632,Chloroform,173.37,140.1,4.3,Non-polar,Low,Low,3.3,Low,Amine
OC0633,Methanol,54.48,271.2,64.5,Polar,High,Low,8.4,Medium,Solvent
OC0634,Glycerol,181.91,223.8,132.6,Polar,Medium,High,6.2,Medium,Acid
OC0635,Aniline,68.38,156.2,-98.1,Non-polar,Low,Low,9.1,Medium,Acid
OC0636,Isopropanol,127.98,58.4,-90.5,Non-polar,Low,Medium,3.1,Medium,Amine
OC0637,Acetone,54.15,232.8,145.9,Non-polar,Medium,High,2.8,High,Alcohol
OC0638,Butanol,110.32,235.4,140.1,Polar,Low,High,7.4,High,Aromatic
OC0639,Nitrobenzene,38.97,135.9,94.6,Non-polar,Medium,High,11.1,High,Amine
OC0640,Phenol,101.57,290.1,99.6,Non-polar,High,Low,9.0,High,Amine
OC0641,Heptane,153.59,190.9,-84.6,Non-polar,Low,Low,7.7,High,Aromatic
OC0642,Nitrobenzene,34.64,171.2,-68.3,Polar,Medium,Medium,3.3,Medium,Aromatic
OC0643,Hexane,32.41,77.9,-56.3,Polar,Low,Medium,5.7,Low,Aromatic
OC0644,Butanol,112.44,249.8,115.5,Non-polar,High,Low,8.0,Low,Solvent
OC0645,Pyridine,157.97,153.2,-4.2,Non-polar,Low,High,3.7,High,Amine
OC0646,Aniline,39.24,116.1,104.9,Polar,High,Medium,6.0,Medium,Acid
OC0647,Isopropanol,69.72,220.9,-2.5,Non-polar,High,High,10.7,Low,Aromatic
OC0648,Glycerol,94.94,128.9,32.6,Polar,High,High,8.4,Medium,Aldehyde
OC0649,Hexane,86.94,116.8,-75.4,Non-polar,Medium,High,9.5,High,Amine
OC0650,Cyclohexane,160.98,180.0,69.4,Polar,Medium,High,2.1,Low,Solvent
OC0651,Acetone,32.03,74.4,-74.0,Non-polar,Medium,Low,9.3,Medium,Ketone
OC0652,Ethanol,34.03,73.0,134.6,Polar,Low,High,3.2,Low,Alcohol
OC0653,Nitrobenzene,52.08,214.1,125.0,Polar,High,High,3.8,Medium,Acid
OC0654,Acetone,138.59,280.7,-30.9,Non-polar,Low,High,9.7,Medium,Aromatic
OC0655,Formaldehyde,162.72,119.3,-84.4,Non-polar,Medium,Low,4.6,Medium,Ketone
OC0656,Glycerol,41.8,294.9,-49.8,Non-polar,High,High,6.9,Low,Aldehyde
OC0657,Ethylene Glycol,67.13,210.8,128.2,Non-polar,High,Low,2.7,High,Amine
OC0658,Hexane,162.13,54.7,24.4,Polar,High,High,5.9,Low,Amine
OC0659,Phenol,183.78,193.7,28.8,Non-polar,Medium,Medium,6.0,High,Solvent
OC0660,Acetone,121.82,50.8,138.5,Non-polar,High,High,7.4,Medium,Aromatic
OC0661,Heptane,98.1,208.1,139.7,Polar,Medium,High,10.5,Medium,Alcohol
OC0662,Glycerol,159.28,122.5,-49.2,Polar,Medium,High,3.9,High,Acid
OC0663,Benzene,137.2,139.8,-78.8,Non-polar,Low,Low,3.4,Low,Alcohol
OC0664,Cyclohexane,70.54,147.2,98.2,Non-polar,Medium,High,11.6,Medium,Alcohol
OC0665,Ethanol,87.68,134.4,80.3,Non-polar,High,Low,10.1,High,Aldehyde
OC0666,Glycerol,189.82,267.6,34.1,Polar,High,Low,9.4,Medium,Amine
OC0667,Methanol,110.11,279.5,-88.5,Polar,High,Low,8.3,Medium,Solvent
OC0668,Benzene,107.55,92.7,47.8,Polar,High,Medium,7.9,High,Ketone
OC0669,Acetone,166.76,156.6,102.9,Non-polar,Medium,Low,11.8,High,Aldehyde
OC0670,Toluene,84.67,291.2,-46.7,Polar,Low,Low,5.4,Low,Aromatic
OC0671,Toluene,158.78,92.0,-7.5,Polar,Medium,Low,11.3,Low,Ketone
OC0672,Benzene,164.48,208.0,-6.0,Polar,High,Medium,2.8,Low,Ketone
OC0673,Acetone,150.15,198.4,-29.1,Non-polar,Low,Low,4.1,High,Aromatic
OC0674,Dimethylformamide,106.57,109.8,-56.4,Polar,Low,Low,9.2,High,Alcohol
OC0675,Heptane,89.14,51.1,-41.1,Polar,Low,Low,8.2,High,Aldehyde
OC0676,Butanol,108.92,206.6,-48.0,Polar,High,Low,10.0,High,Solvent
OC0677,Pyridine,114.58,89.9,130.7,Polar,Low,Medium,4.9,Medium,Aromatic
OC0678,Phenol,134.86,272.5,13.3,Polar,Low,Low,11.2,Low,Ketone
OC0679,Methanol,112.46,79.0,123.8,Non-polar,Low,High,5.3,Low,Amine
OC0680,Phenol,69.11,77.5,-43.1,Polar,Low,Medium,10.7,Medium,Ketone
OC0681,Acetone,110.07,171.1,122.6,Polar,High,High,6.5,Medium,Aromatic
OC0682,Toluene,107.82,98.5,-10.4,Non-polar,High,Medium,3.3,High,Aldehyde
OC0683,Ethanol,77.7,77.8,16.4,Non-polar,High,Medium,4.2,Medium,Aldehyde
OC0684,Formaldehyde,164.22,209.5,52.9,Polar,Low,High,10.6,Low,Acid
OC0685,Dimethylformamide,113.17,298.9,47.9,Non-polar,Medium,Low,9.3,High,Solvent
OC0686,Butanol,72.13,158.6,-44.4,Polar,Low,Low,6.2,Low,Alcohol
OC0687,Pyridine,154.69,176.1,6.4,Non-polar,Medium,High,10.2,Medium,Acid
OC0688,Butanol,44.13,238.3,73.3,Non-polar,High,Low,5.6,Low,Amine
OC0689,Acetone,32.71,217.3,-59.5,Non-polar,Low,High,7.8,Medium,Acid
OC0690,Toluene,178.61,151.3,97.5,Non-polar,Low,Medium,9.0,Low,Solvent
OC0691,Acetone,95.43,222.7,32.7,Non-polar,Medium,Medium,9.0,High,Aldehyde
OC0692,Cyclohexane,165.06,246.9,-79.8,Non-polar,Low,Low,7.1,High,Aromatic
OC0693,Ethanol,48.86,141.4,54.8,Non-polar,Medium,Low,8.5,High,Alcohol
OC0694,Isopropanol,150.59,101.2,145.3,Polar,Low,Low,8.5,High,Solvent
OC0695,Cyclohexane,178.09,225.7,88.3,Polar,Medium,Medium,11.0,High,Amine
OC0696,Ethylene Glycol,77.11,65.8,-13.7,Non-polar,Low,High,10.3,Medium,Amine
OC0697,Isopropanol,145.31,183.2,-26.9,Non-polar,Low,High,10.1,Low,Ketone
OC0698,Glycerol,44.84,147.7,-55.3,Polar,High,Low,4.8,High,Ketone
OC0699,Pyridine,55.58,101.1,138.0,Polar,Medium,Medium,11.7,High,Ketone
OC0700,Pyridine,88.94,161.0,61.2,Non-polar,High,Low,2.2,Low,Solvent
OC0701,Dimethylformamide,139.59,152.9,-14.3,Non-polar,Medium,High,8.7,High,Solvent
OC0702,Isopropanol,105.69,126.0,-67.0,Non-polar,High,Medium,4.3,Medium,Aromatic
OC0703,Ethanol,55.22,121.1,139.1,Polar,Low,High,4.9,Low,Solvent
OC0704,Toluene,57.41,79.2,148.4,Polar,Medium,Medium,5.7,Low,Aldehyde
OC0705,Ethanol,143.14,294.5,-63.0,Non-polar,Low,Low,7.3,Low,Alcohol
OC0706,Chloroform,188.28,242.1,136.9,Non-polar,High,Low,11.7,High,Aldehyde
OC0707,Phenol,140.03,123.9,124.0,Polar,Low,High,11.1,Medium,Aromatic
OC0708,Benzene,154.38,275.0,-65.1,Polar,Medium,Low,6.0,Low,Acid
OC0709,Aniline,45.72,63.8,60.3,Polar,Medium,Low,2.2,High,Solvent
OC0710,Glycerol,145.1,289.4,144.0,Non-polar,High,Medium,5.2,High,Aldehyde
OC0711,Ethanol,184.44,140.3,-63.0,Non-polar,Medium,Medium,5.7,Medium,Aromatic
OC0712,Aniline,82.37,161.4,40.3,Polar,Low,Medium,9.4,Medium,Solvent
OC0713,Glycerol,79.07,251.4,142.6,Non-polar,Low,Medium,3.4,High,Aldehyde
OC0714,Acetone,54.42,125.8,147.1,Non-polar,High,High,9.6,Low,Alcohol
OC0715,Ethylene Glycol,138.6,118.3,-56.3,Non-polar,Low,High,9.6,Low,Ketone
OC0716,Formaldehyde,171.49,122.4,22.6,Non-polar,Low,Medium,6.9,High,Acid
OC0717,Butanol,34.56,50.6,-34.3,Non-polar,High,High,8.7,Medium,Acid
OC0718,Formaldehyde,113.62,222.0,-38.8,Polar,Medium,Medium,11.9,Low,Aldehyde
OC0719,Aniline,128.78,191.4,117.1,Non-polar,Low,Low,5.7,High,Aldehyde
OC0720,Methanol,173.7,90.7,-85.4,Non-polar,Medium,High,3.4,Low,Alcohol
OC0721,Hexane,91.4,209.1,138.8,Polar,Medium,Medium,7.3,Low,Aldehyde
OC0722,Acetic Acid,160.3,95.8,-76.4,Polar,Low,Medium,10.7,High,Solvent
OC0723,Heptane,76.15,224.5,-9.4,Non-polar,High,Low,3.4,Medium,Aromatic
OC0724,Pyridine,100.04,280.2,-59.2,Polar,High,High,4.2,Low,Solvent
OC0725,Isopropanol,134.28,257.9,31.4,Polar,Medium,Medium,11.2,Low,Solvent
OC0726,Toluene,186.98,169.9,-22.1,Non-polar,High,Medium,10.9,High,Aldehyde
OC0727,Phenol,59.28,126.2,86.1,Polar,High,Low,10.6,Low,Amine
OC0728,Butanol,82.26,102.5,145.3,Non-polar,Low,Low,2.8,Medium,Solvent
OC0729,Ethylene Glycol,37.23,77.0,98.3,Polar,Medium,Low,11.1,Low,Alcohol
OC0730,Heptane,143.49,238.6,95.6,Polar,Low,Low,3.8,Medium,Alcohol
OC0731,Acetone,54.74,236.5,-30.7,Non-polar,Medium,Low,10.6,High,Aldehyde
OC0732,Butanol,115.83,67.1,104.9,Polar,Low,Low,9.2,Medium,Ketone
OC0733,Isopropanol,30.74,231.3,131.1,Non-polar,Medium,High,7.9,Medium,Amine
OC0734,Benzene,60.74,138.7,-5.1,Polar,Low,Low,6.1,Medium,Alcohol
OC0735,Glycerol,48.75,84.0,90.6,Non-polar,Low,High,2.4,Medium,Acid
OC0736,Benzene,95.41,164.2,84.0,Non-polar,High,High,6.1,Medium,Ketone
OC0737,Acetone,182.11,250.6,134.8,Non-polar,High,Low,12.0,Medium,Amine
OC0738,Benzene,97.38,180.7,69.1,Polar,High,Medium,6.0,High,Alcohol
OC0739,Formaldehyde,41.0,293.8,-15.3,Non-polar,High,Low,10.4,High,Acid
OC0740,Hexane,160.02,241.5,48.4,Non-polar,Medium,Medium,8.7,Medium,Acid
OC0741,Dimethylformamide,77.41,242.0,-73.0,Non-polar,Medium,Medium,4.3,Low,Alcohol
OC0742,Benzene,155.43,257.6,24.5,Polar,High,Medium,8.0,Medium,Ketone
OC0743,Heptane,135.73,74.1,-80.9,Non-polar,Medium,Low,4.9,Medium,Acid
OC0744,Dimethylformamide,74.48,135.9,114.9,Polar,High,Medium,10.8,Low,Acid
OC0745,Glycerol,83.48,144.1,14.9,Polar,High,High,8.6,Medium,Amine
OC0746,Formaldehyde,113.55,83.6,78.9,Non-polar,High,High,8.8,High,Aldehyde
OC0747,Isopropanol,127.28,169.0,113.6,Polar,Medium,Medium,6.9,Medium,Aldehyde
OC0748,Aniline,160.3,121.1,-84.6,Polar,High,Medium,5.5,High,Aldehyde
OC0749,Methanol,160.08,206.3,-4.9,Non-polar,Medium,Medium,6.1,Low,Amine
OC0750,Butanol,72.09,212.0,48.1,Polar,Medium,Low,5.4,Low,Aldehyde
OC0751,Phenol,36.35,214.4,5.6,Non-polar,Medium,Low,9.0,High,Alcohol
OC0752,Phenol,94.22,147.6,43.1,Non-polar,High,High,8.8,Medium,Acid
OC0753,Dimethylformamide,167.95,216.8,-58.3,Non-polar,Medium,Medium,4.0,High,Solvent
OC0754,Acetone,172.86,184.0,-28.2,Polar,Medium,High,6.0,Low,Aldehyde
OC0755,Acetone,152.01,194.5,48.0,Non-polar,High,High,10.0,Medium,Acid
OC0756,Acetic Acid,89.04,69.2,105.9,Non-polar,Medium,High,7.4,Low,Acid
OC0757,Chloroform,72.72,178.8,67.9,Polar,High,High,9.0,Low,Aldehyde
OC0758,Pyridine,66.2,290.5,85.6,Non-polar,Medium,High,7.3,High,Solvent
OC0759,Ethylene Glycol,188.89,231.7,-85.0,Polar,Medium,Medium,3.5,Low,Amine
OC0760,Heptane,173.5,152.6,115.0,Polar,Low,Low,10.5,Medium,Solvent
OC0761,Heptane,139.83,114.1,50.3,Non-polar,High,Low,3.5,Low,Ketone
OC0762,Heptane,108.91,190.0,9.0,Polar,High,Low,4.7,Low,Aromatic
OC0763,Hexane,141.97,94.0,113.1,Non-polar,High,Low,10.6,Low,Aromatic
OC0764,Nitrobenzene,80.66,65.9,138.8,Non-polar,Low,High,10.9,Medium,Solvent
OC0765,Toluene,70.13,192.7,25.1,Polar,Low,High,10.3,High,Aromatic
OC0766,Pyridine,180.38,109.5,-69.4,Non-polar,Medium,High,9.4,High,Amine
OC0767,Butanol,189.04,104.5,-73.3,Polar,Medium,Medium,6.1,High,Alcohol
OC0768,Pyridine,120.69,224.9,-71.8,Non-polar,Medium,High,4.5,Medium,Solvent
OC0769,Toluene,91.71,228.9,105.3,Polar,Low,High,2.3,High,Amine
OC0770,Ethanol,147.42,247.2,-40.1,Non-polar,Medium,High,11.6,Medium,Solvent
OC0771,Benzene,120.93,109.1,10.6,Polar,Medium,Medium,5.0,Low,Aromatic
OC0772,Acetic Acid,176.1,90.1,9.7,Non-polar,Low,Medium,9.9,Medium,Solvent
OC0773,Acetone,169.94,285.1,17.8,Non-polar,Medium,High,6.2,Low,Solvent
OC0774,Formaldehyde,148.74,176.6,-12.0,Non-polar,Medium,High,2.3,Low,Amine
OC0775,Formaldehyde,137.13,247.8,-66.0,Non-polar,High,High,5.1,High,Alcohol
OC0776,Benzene,56.83,179.1,142.4,Polar,Low,High,6.1,Medium,Acid
OC0777,Pyridine,178.5,83.4,-56.6,Non-polar,Medium,Low,2.8,Medium,Ketone
OC0778,Chloroform,178.99,286.2,121.1,Polar,High,Low,11.2,High,Aldehyde
OC0779,Butanol,184.16,293.5,-50.4,Polar,High,Medium,8.2,High,Aromatic
OC0780,Toluene,45.14,142.0,136.8,Polar,High,High,7.3,Medium,Solvent
OC0781,Pyridine,50.15,228.4,-52.4,Non-polar,Medium,High,6.9,Low,Acid
OC0782,Acetic Acid,132.01,298.8,-29.3,Polar,Medium,Low,6.1,Low,Alcohol
OC0783,Heptane,195.94,108.9,12.7,Polar,Medium,High,8.8,Medium,Alcohol
OC0784,Methanol,109.71,267.9,143.6,Non-polar,Low,Low,9.1,High,Acid
OC0785,Nitrobenzene,73.56,73.8,-85.3,Non-polar,High,Medium,11.1,High,Amine
OC0786,Nitrobenzene,150.63,252.5,-98.7,Non-polar,Medium,Medium,8.7,Low,Aldehyde
OC0787,Ethanol,128.68,115.1,25.9,Non-polar,Medium,Low,2.9,High,Aldehyde
OC0788,Ethylene Glycol,54.11,79.2,-89.0,Polar,Medium,Medium,9.5,Medium,Aromatic
OC0789,Hexane,134.2,240.4,-34.1,Non-polar,Medium,Low,5.2,Medium,Solvent
OC0790,Toluene,124.46,280.7,59.2,Non-polar,High,Low,3.5,Low,Ketone
OC0791,Ethanol,109.94,90.9,16.8,Polar,Medium,Low,6.4,High,Aldehyde
OC0792,Pyridine,107.82,78.1,79.9,Polar,High,Medium,2.9,Medium,Ketone
OC0793,Formaldehyde,157.49,255.6,40.8,Polar,Low,Low,7.3,High,Ketone
OC0794,Ethylene Glycol,186.47,111.5,24.5,Polar,Medium,Low,4.8,High,Alcohol
OC0795,Chloroform,93.5,282.3,-73.5,Non-polar,High,Low,2.8,High,Amine
OC0796,Pyridine,107.19,288.8,48.6,Polar,Medium,Low,8.6,Medium,Aromatic
OC0797,Cyclohexane,51.98,265.8,100.4,Non-polar,Medium,Low,9.4,High,Aldehyde
OC0798,Chloroform,45.73,113.8,-40.0,Non-polar,High,Low,10.5,Low,Acid
OC0799,Chloroform,78.44,238.1,63.5,Polar,Medium,Medium,10.0,High,Solvent
OC0800,Heptane,183.63,200.9,-10.2,Polar,Medium,High,4.0,Medium,Acid
OC0801,Pyridine,75.64,200.1,-77.4,Non-polar,Medium,High,3.9,High,Acid
OC0802,Acetone,36.87,135.4,15.9,Polar,Low,High,9.1,Medium,Aldehyde
OC0803,Dimethylformamide,44.27,167.1,-80.2,Non-polar,Medium,Low,11.8,High,Aromatic
OC0804,Butanol,118.93,123.9,-88.1,Polar,High,High,3.1,Medium,Acid
OC0805,Benzene,108.99,230.1,103.2,Non-polar,Medium,High,2.8,High,Alcohol
OC0806,Benzene,155.89,165.7,96.5,Non-polar,High,Low,6.2,High,Aromatic
OC0807,Phenol,129.83,163.7,67.6,Non-polar,Medium,Low,4.1,Low,Amine
OC0808,Nitrobenzene,74.08,218.4,8.4,Polar,High,Medium,3.2,Low,Amine
OC0809,Pyridine,108.23,151.3,64.4,Non-polar,Medium,High,10.1,High,Aromatic
OC0810,Chloroform,166.79,71.9,-66.2,Polar,High,Low,9.0,Low,Solvent
OC0811,Methanol,65.57,212.2,62.4,Non-polar,Low,High,3.9,Medium,Solvent
OC0812,Glycerol,55.19,155.5,-70.9,Polar,Low,High,6.5,Medium,Acid
OC0813,Methanol,176.17,196.3,-49.7,Non-polar,High,Medium,2.1,High,Solvent
OC0814,Ethylene Glycol,196.51,262.2,84.3,Non-polar,High,Medium,6.0,High,Aldehyde
OC0815,Nitrobenzene,189.0,276.3,116.9,Polar,Low,Low,7.3,Medium,Aldehyde
OC0816,Phenol,124.05,117.0,62.1,Non-polar,High,Medium,8.2,High,Aromatic
OC0817,Glycerol,148.58,55.2,-28.0,Polar,Medium,Medium,6.4,High,Ketone
OC0818,Cyclohexane,184.54,134.8,50.5,Non-polar,High,Medium,9.2,Medium,Acid
OC0819,Aniline,165.32,249.9,111.1,Polar,Medium,High,9.5,High,Acid
OC0820,Toluene,59.46,89.1,23.0,Non-polar,Medium,Medium,4.3,High,Alcohol
OC0821,Methanol,90.99,115.2,69.2,Polar,Low,Low,10.1,Medium,Acid
OC0822,Benzene,134.99,80.2,-44.0,Non-polar,Medium,Medium,9.7,High,Aromatic
OC0823,Toluene,175.08,268.4,51.1,Polar,Low,Low,11.3,Medium,Solvent
OC0824,Glycerol,193.65,238.9,143.7,Polar,Low,Low,7.1,Low,Amine
OC0825,Benzene,178.05,277.7,-60.7,Non-polar,Low,Medium,9.6,Medium,Amine
OC0826,Benzene,56.23,140.9,104.8,Polar,High,Medium,11.7,Low,Ketone
OC0827,Pyridine,88.02,176.3,-78.7,Non-polar,Low,Medium,5.6,High,Ketone
OC0828,Toluene,158.05,182.4,96.8,Polar,Medium,Medium,11.2,Medium,Solvent
OC0829,Dimethylformamide,165.08,140.4,-92.6,Polar,High,High,10.1,Low,Alcohol
OC0830,Phenol,83.52,295.5,-58.9,Polar,Medium,Low,8.6,High,Ketone
OC0831,Cyclohexane,39.83,207.9,78.3,Non-polar,Medium,Medium,10.9,High,Aldehyde
OC0832,Heptane,152.66,128.4,-14.0,Non-polar,Low,High,11.2,High,Acid
OC0833,Glycerol,139.46,271.9,56.1,Non-polar,Low,Medium,10.9,High,Acid
OC0834,Acetic Acid,179.77,71.1,34.4,Non-polar,Low,High,9.4,Low,Aldehyde
OC0835,Isopropanol,78.27,73.2,37.9,Non-polar,Low,Low,2.2,High,Aldehyde
OC0836,Hexane,71.03,243.5,81.6,Polar,Low,Low,10.4,Medium,Amine
OC0837,Dimethylformamide,90.26,61.9,62.7,Polar,Medium,Medium,7.7,Low,Acid
OC0838,Phenol,197.1,251.3,147.3,Polar,Medium,Medium,4.8,High,Aldehyde
OC0839,Toluene,151.44,179.9,-38.1,Non-polar,Low,High,3.9,Medium,Acid
OC0840,Benzene,54.91,156.4,3.0,Polar,High,Medium,10.9,Medium,Ketone
OC0841,Glycerol,43.27,219.2,0.7,Non-polar,Medium,High,7.0,Medium,Acid
OC0842,Pyridine,154.39,154.2,-59.3,Polar,Medium,High,6.6,High,Aldehyde
OC0843,Dimethylformamide,50.07,103.2,18.3,Polar,Low,Medium,11.2,Low,Aldehyde
OC0844,Ethylene Glycol,48.76,142.4,-27.6,Polar,High,Medium,5.0,Medium,Aromatic
OC0845,Heptane,112.61,247.8,-64.5,Non-polar,High,Medium,10.9,Low,Ketone
OC0846,Pyridine,30.35,186.9,-83.1,Polar,Medium,Medium,7.7,High,Acid
OC0847,Phenol,162.83,168.8,80.0,Polar,High,High,8.4,Medium,Amine
OC0848,Glycerol,55.33,232.0,-77.7,Non-polar,Medium,Low,11.0,Medium,Aldehyde
OC0849,Ethanol,192.87,272.5,84.0,Polar,High,High,2.2,High,Solvent
OC0850,Heptane,125.38,80.9,39.8,Polar,Low,High,7.8,Low,Aldehyde
OC0851,Dimethylformamide,62.2,169.0,124.2,Polar,Low,High,3.8,Low,Aromatic
OC0852,Acetic Acid,71.7,226.4,121.9,Non-polar,High,High,8.1,Medium,Aldehyde
OC0853,Ethanol,113.55,283.5,-15.0,Polar,Medium,Low,10.6,Medium,Acid
OC0854,Hexane,45.47,294.9,35.4,Non-polar,High,Low,4.6,Low,Ketone
OC0855,Heptane,191.87,219.7,-85.3,Non-polar,High,Low,9.1,Medium,Acid
OC0856,Benzene,84.41,153.2,-18.9,Non-polar,High,Low,4.0,High,Aldehyde
OC0857,Butanol,113.81,238.1,-3.7,Polar,Medium,Low,5.2,High,Acid
OC0858,Acetone,112.31,151.9,-41.6,Polar,Medium,High,11.6,High,Alcohol
OC0859,Butanol,159.71,212.9,-68.6,Non-polar,Medium,Low,10.5,High,Ketone
OC0860,Toluene,93.46,296.3,95.5,Non-polar,Low,Medium,2.4,Medium,Solvent
OC0861,Nitrobenzene,79.17,293.0,-99.9,Non-polar,Medium,High,4.5,High,Acid
OC0862,Aniline,173.21,103.2,110.2,Non-polar,High,Low,9.4,High,Alcohol
OC0863,Heptane,45.25,224.6,107.6,Non-polar,Medium,Low,8.1,Medium,Amine
OC0864,Phenol,137.98,294.9,76.9,Non-polar,High,High,11.8,Medium,Ketone
OC0865,Glycerol,193.03,132.1,128.5,Polar,Low,Low,8.1,Low,Alcohol
OC0866,Formaldehyde,100.24,273.8,75.8,Non-polar,Low,Low,9.9,High,Amine
OC0867,Acetone,121.57,273.1,104.0,Non-polar,Low,Low,5.5,Medium,Solvent
OC0868,Nitrobenzene,90.85,94.3,92.0,Polar,High,Medium,5.7,Low,Acid
OC0869,Methanol,67.66,54.9,-29.7,Non-polar,High,Low,10.2,High,Aromatic
OC0870,Butanol,69.82,173.5,-9.3,Non-polar,Medium,High,9.1,Low,Alcohol
OC0871,Acetic Acid,197.32,209.6,-72.3,Non-polar,Low,High,6.9,High,Ketone
OC0872,Cyclohexane,144.27,200.7,-56.1,Polar,Low,Low,3.3,High,Solvent
OC0873,Butanol,179.77,232.2,-31.4,Polar,Low,High,7.3,Medium,Amine
OC0874,Isopropanol,180.13,50.5,6.8,Polar,Medium,Medium,10.4,Medium,Aromatic
OC0875,Benzene,145.63,166.6,-9.6,Polar,Low,Low,2.5,Medium,Aldehyde
OC0876,Glycerol,83.76,148.0,-16.3,Polar,Low,Low,11.8,Medium,Alcohol
OC0877,Butanol,63.47,132.3,-84.3,Polar,High,Medium,6.3,Low,Aldehyde
OC0878,Phenol,172.89,111.8,18.4,Non-polar,High,Medium,7.2,Low,Alcohol
OC0879,Nitrobenzene,135.33,241.0,56.3,Polar,High,Low,11.2,Medium,Aromatic
OC0880,Acetone,163.05,65.5,100.6,Polar,Medium,High,8.3,Low,Alcohol
OC0881,Ethanol,125.07,123.7,-4.6,Polar,Low,Medium,4.3,High,Solvent
OC0882,Nitrobenzene,31.8,146.0,98.8,Polar,Medium,High,11.4,Low,Acid
OC0883,Dimethylformamide,85.79,98.1,-74.3,Polar,Low,Low,11.0,Low,Amine
OC0884,Dimethylformamide,73.57,155.3,81.2,Non-polar,High,Low,3.4,Low,Alcohol
OC0885,Toluene,82.98,159.0,139.9,Non-polar,Medium,High,10.9,Low,Ketone
OC0886,Pyridine,82.47,135.7,-7.8,Polar,Low,High,8.6,Low,Alcohol
OC0887,Butanol,116.21,258.8,114.7,Non-polar,Medium,Low,11.8,High,Ketone
OC0888,Acetone,88.06,217.0,73.7,Non-polar,Low,High,5.3,High,Aldehyde
OC0889,Phenol,134.74,154.7,-59.4,Non-polar,High,Medium,4.2,Low,Amine
OC0890,Butanol,147.85,166.6,-46.7,Non-polar,Low,Medium,10.1,Medium,Ketone
OC0891,Chloroform,61.32,297.5,-9.3,Polar,Medium,Low,7.5,Low,Aromatic
OC0892,Glycerol,63.05,196.4,91.4,Polar,High,Low,4.0,Low,Ketone
OC0893,Hexane,152.2,135.0,38.6,Polar,High,Low,3.8,Medium,Alcohol
OC0894,Methanol,171.35,84.3,63.7,Polar,Medium,Low,5.1,Low,Aromatic
OC0895,Aniline,142.35,285.3,144.3,Non-polar,Low,Low,3.2,Low,Solvent
OC0896,Acetic Acid,62.59,144.5,-6.4,Non-polar,Low,Low,11.2,High,Aldehyde
OC0897,Acetic Acid,175.25,123.5,-62.9,Polar,High,High,10.0,Low,Solvent
OC0898,Dimethylformamide,194.63,271.5,-47.7,Polar,Medium,High,8.1,Low,Aldehyde
OC0899,Chloroform,157.72,211.3,27.3,Non-polar,Low,Medium,3.8,High,Aromatic
OC0900,Dimethylformamide,148.07,228.9,23.7,Non-polar,Low,Medium,8.4,High,Amine
OC0901,Ethanol,65.22,273.7,13.0,Polar,Medium,Low,5.1,Medium,Aldehyde
OC0902,Formaldehyde,189.03,143.5,37.6,Polar,High,Medium,6.4,Medium,Ketone
OC0903,Cyclohexane,36.99,178.1,-15.9,Non-polar,Medium,Medium,6.1,Medium,Aromatic
OC0904,Hexane,95.0,94.9,-41.6,Polar,Medium,Low,4.9,High,Aldehyde
OC0905,Isopropanol,139.42,246.5,131.7,Polar,High,Low,5.6,High,Ketone
OC0906,Phenol,63.43,132.3,-24.3,Non-polar,High,High,8.0,Low,Solvent
OC0907,Isopropanol,185.11,52.1,-25.1,Non-polar,Medium,Medium,10.2,High,Alcohol
OC0908,Pyridine,141.2,297.3,137.9,Non-polar,High,Low,9.2,Low,Acid
OC0909,Butanol,117.69,246.5,89.4,Non-polar,Medium,Low,5.1,Low,Acid
OC0910,Ethylene Glycol,65.63,162.5,39.6,Non-polar,High,High,10.7,Medium,Amine
OC0911,Methanol,114.97,214.7,-11.3,Polar,Medium,Medium,8.9,Medium,Solvent
OC0912,Isopropanol,80.94,196.7,41.9,Polar,High,Low,11.8,Medium,Aldehyde
OC0913,Nitrobenzene,185.34,193.5,-2.3,Non-polar,High,Medium,2.6,Medium,Ketone
OC0914,Pyridine,48.47,192.4,12.9,Non-polar,High,Low,3.0,High,Ketone
OC0915,Ethanol,170.5,200.8,-93.3,Polar,High,Medium,4.8,Low,Aromatic
OC0916,Dimethylformamide,41.9,64.4,29.6,Polar,Medium,Medium,5.9,Low,Ketone
OC0917,Isopropanol,101.13,235.8,-2.8,Polar,High,Low,5.1,High,Amine
OC0918,Pyridine,56.99,193.8,-22.4,Polar,Low,High,8.8,Medium,Ketone
OC0919,Methanol,198.48,161.4,106.1,Polar,Low,Medium,11.1,Medium,Acid
OC0920,Glycerol,127.94,234.3,-28.0,Non-polar,Medium,High,10.4,Medium,Acid
OC0921,Nitrobenzene,169.98,262.5,3.8,Polar,Low,High,6.3,Medium,Amine
OC0922,Formaldehyde,148.75,73.9,74.7,Polar,High,Low,4.7,High,Aldehyde
OC0923,Heptane,143.33,66.7,81.6,Polar,Medium,Medium,11.9,High,Alcohol
OC0924,Aniline,43.01,76.3,91.6,Non-polar,Medium,Medium,3.6,Low,Aldehyde
OC0925,Ethanol,108.57,68.3,73.6,Non-polar,Medium,Medium,9.5,Low,Acid
OC0926,Ethanol,31.83,78.7,129.3,Non-polar,Low,High,6.6,Medium,Alcohol
OC0927,Acetone,123.23,110.6,137.5,Polar,Medium,Medium,10.4,Low,Solvent
OC0928,Methanol,133.19,94.3,-69.0,Non-polar,High,Low,8.7,Low,Amine
OC0929,Hexane,56.09,139.5,-45.8,Polar,Low,High,4.2,High,Alcohol
OC0930,Dimethylformamide,138.97,229.1,124.3,Non-polar,Low,Medium,6.4,High,Alcohol
OC0931,Ethanol,161.31,241.8,132.2,Non-polar,High,Low,2.9,Medium,Alcohol
OC0932,Methanol,87.31,98.0,67.2,Polar,High,High,3.7,Low,Alcohol
OC0933,Ethylene Glycol,117.13,253.9,-19.3,Polar,Low,Low,11.3,Medium,Acid
OC0934,Benzene,69.51,76.5,-19.2,Polar,Medium,High,5.2,Medium,Ketone
OC0935,Glycerol,67.42,214.5,-30.4,Non-polar,High,Low,10.9,Medium,Aromatic
OC0936,Nitrobenzene,114.93,297.6,78.1,Polar,Medium,Low,8.0,High,Amine
OC0937,Chloroform,145.24,293.1,73.4,Non-polar,High,High,9.6,High,Aromatic
OC0938,Pyridine,41.48,54.4,128.0,Non-polar,Medium,High,8.4,Low,Aldehyde
OC0939,Cyclohexane,149.79,53.3,-94.7,Polar,Medium,Low,9.4,Low,Aldehyde
OC0940,Acetone,40.19,143.6,-25.8,Polar,Medium,Low,8.4,Low,Amine
OC0941,Nitrobenzene,198.05,160.9,119.3,Polar,Medium,Medium,8.4,Low,Aldehyde
OC0942,Ethylene Glycol,140.17,122.1,-94.1,Non-polar,Medium,Low,4.1,Low,Amine
OC0943,Butanol,166.25,224.1,-44.4,Non-polar,Low,Medium,3.8,High,Alcohol
OC0944,Acetone,177.88,67.5,-51.9,Polar,High,Low,2.9,High,Aldehyde
OC0945,Acetic Acid,70.17,69.5,81.2,Non-polar,High,High,4.0,Medium,Ketone
OC0946,Nitrobenzene,72.32,121.3,12.1,Polar,Medium,Medium,2.8,Medium,Acid
OC0947,Chloroform,58.52,160.3,26.3,Non-polar,High,Medium,2.2,Medium,Acid
OC0948,Acetone,159.01,280.4,48.8,Polar,Low,High,3.8,Medium,Acid
OC0949,Heptane,107.11,143.8,51.5,Polar,Medium,Low,9.1,Low,Ketone
OC0950,Acetic Acid,30.71,265.4,82.6,Non-polar,Medium,Medium,11.3,Medium,Amine
OC0951,Aniline,95.29,127.0,146.9,Polar,Medium,Low,11.9,Low,Acid
OC0952,Cyclohexane,57.6,240.7,139.3,Non-polar,Low,High,6.9,High,Aromatic
OC0953,Ethanol,140.65,281.6,83.9,Polar,Medium,Low,11.2,Medium,Amine
OC0954,Methanol,148.57,211.3,-34.7,Non-polar,Low,Low,4.5,High,Aldehyde
OC0955,Formaldehyde,32.1,242.7,61.1,Non-polar,Medium,High,7.9,Low,Aldehyde
OC0956,Acetic Acid,178.92,91.5,6.7,Non-polar,Low,High,8.6,Medium,Aldehyde
OC0957,Heptane,154.77,238.1,131.1,Polar,High,High,7.7,Medium,Solvent
OC0958,Toluene,75.73,102.4,87.1,Non-polar,High,Low,10.2,Low,Alcohol
OC0959,Acetone,161.54,154.5,4.2,Non-polar,Low,Medium,3.7,Medium,Ketone
OC0960,Toluene,63.66,95.5,137.1,Non-polar,Low,Low,3.9,Low,Amine
OC0961,Formaldehyde,167.56,98.0,145.7,Non-polar,Medium,High,11.1,Low,Solvent
OC0962,Formaldehyde,43.57,71.4,-68.8,Polar,Medium,Low,7.9,Medium,Acid
OC0963,Benzene,31.62,116.5,138.8,Polar,High,Low,7.2,Low,Acid
OC0964,Nitrobenzene,118.41,290.5,-33.5,Non-polar,Medium,Medium,8.0,Medium,Aromatic
OC0965,Phenol,199.91,254.2,135.2,Non-polar,Medium,High,2.6,Medium,Solvent
OC0966,Phenol,167.07,50.8,117.6,Non-polar,Low,Low,2.3,Low,Solvent
OC0967,Dimethylformamide,77.51,224.8,103.8,Non-polar,Medium,High,8.9,Medium,Aldehyde
OC0968,Ethylene Glycol,142.24,50.8,59.5,Non-polar,High,High,5.6,Low,Solvent
OC0969,Phenol,145.25,108.4,21.1,Polar,Medium,Medium,11.4,Medium,Amine
OC0970,Benzene,154.83,123.5,-51.2,Polar,Low,High,9.8,High,Aldehyde
OC0971,Ethanol,51.74,249.2,-24.7,Non-polar,High,Medium,11.6,Medium,Amine
OC0972,Isopropanol,70.95,102.9,88.3,Polar,High,Medium,11.9,Low,Ketone
OC0973,Phenol,183.45,241.6,-44.9,Non-polar,Low,Medium,11.5,High,Alcohol
OC0974,Toluene,186.87,208.4,23.0,Non-polar,High,High,9.7,High,Alcohol
OC0975,Phenol,94.09,229.4,84.0,Non-polar,Low,High,9.9,Medium,Solvent
OC0976,Butanol,68.0,78.9,-78.1,Polar,Medium,High,7.9,Low,Amine
OC0977,Benzene,127.38,81.9,-21.7,Non-polar,Low,High,2.0,Low,Aldehyde
OC0978,Isopropanol,62.28,147.0,5.9,Non-polar,Low,Low,7.2,High,Aldehyde
OC0979,Butanol,48.12,52.3,113.1,Non-polar,High,Medium,10.4,Medium,Amine
OC0980,Glycerol,55.06,120.8,86.8,Polar,Low,Medium,5.1,High,Alcohol
OC0981,Hexane,199.46,226.6,19.6,Polar,Medium,Medium,9.0,Medium,Alcohol
OC0982,Phenol,55.96,229.2,112.0,Polar,Low,High,2.5,Low,Solvent
OC0983,Pyridine,153.66,124.8,103.8,Polar,High,High,5.9,Medium,Amine
OC0984,Pyridine,198.35,239.4,-2.2,Non-polar,Medium,High,11.2,High,Solvent
OC0985,Isopropanol,96.94,82.7,88.1,Polar,Low,Medium,6.6,Low,Aldehyde
OC0986,Toluene,105.12,170.6,124.3,Polar,High,High,4.0,High,Alcohol
OC0987,Aniline,153.41,193.9,69.6,Polar,Medium,Medium,8.8,Low,Alcohol
OC0988,Benzene,90.45,168.5,136.3,Polar,Low,High,5.4,Medium,Ketone
OC0989,Chloroform,71.65,79.7,-0.8,Non-polar,Low,High,11.5,High,Amine
OC0990,Chloroform,161.89,297.8,67.7,Polar,Medium,High,5.8,High,Amine
OC0991,Glycerol,92.44,80.0,-79.3,Non-polar,Low,High,11.1,Low,Alcohol
OC0992,Cyclohexane,127.41,193.2,-31.6,Polar,Low,Low,5.8,High,Amine
OC0993,Ethylene Glycol,80.72,81.3,-18.7,Polar,Medium,High,2.2,High,Solvent
OC0994,Isopropanol,163.19,182.5,-84.0,Polar,High,High,11.0,Low,Solvent
OC0995,Nitrobenzene,148.19,51.3,11.8,Non-polar,High,Low,3.3,Low,Amine
OC0996,Formaldehyde,44.93,114.2,88.3,Polar,High,High,5.0,High,Ketone
OC0997,Ethylene Glycol,196.11,214.5,-37.9,Polar,Low,Medium,8.6,Medium,Ketone
OC0998,Cyclohexane,113.38,128.2,127.7,Non-polar,Low,High,7.1,High,Alcohol
OC0999,Ethanol,70.31,97.0,-25.1,Polar,High,High,7.5,High,Aromatic
OC1000,Hexane,51.84,205.6,-81.4,Non-polar,Medium,Medium,8.5,Low,Acid
,56.05,-94.7,Miscible with water
